NACE Rev.2 grouped hierarchy (Section > Division > Group > Class),,,,,,,,,,,,,,,,
"Use the +/- outline controls at left to expand Sections to Divisions, Divisions to Groups, and Groups to Classes.",,,,,,,,,,,,,,,,
,,,,,,,,,,,,,,,,
level_depth,level,node_code,node_name,node_key,parent_key,section_code,section_name,division_code,division_name,group_code,group_name,class_code,class_name,hierarchy_path_codes,hierarchy_path_names,source_row_number
1,section,A,"AGRICULTURE, FORESTRY AND FISHING",section:A,,A,"AGRICULTURE, FORESTRY AND FISHING",,,,,,,A,"AGRICULTURE, FORESTRY AND FISHING",6
2,division,01,"Crop and animal production, hunting and related service activities",division:01,section:A,A,"AGRICULTURE, FORESTRY AND FISHING",01,"Crop and animal production, hunting and related service activities",,,,,A | 01,"AGRICULTURE, FORESTRY AND FISHING | Crop and animal production, hunting and related service activities",7
3,group,01.1,Growing of non-perennial crops,group:01.1,division:01,A,"AGRICULTURE, FORESTRY AND FISHING",01,"Crop and animal production, hunting and related service activities",01.1,Growing of non-perennial crops,,,A | 01 | 01.1,"AGRICULTURE, FORESTRY AND FISHING | Crop and animal production, hunting and related service activities | Growing of non-perennial crops",8
4,class,01.11,"Growing of cereals (except rice), leguminous crops and oil seeds",class:01.11,group:01.1,A,"AGRICULTURE, FORESTRY AND FISHING",01,"Crop and animal production, hunting and related service activities",01.1,Growing of non-perennial crops,01.11,"Growing of cereals (except rice), leguminous crops and oil seeds",A | 01 | 01.1 | 01.11,"AGRICULTURE, FORESTRY AND FISHING | Crop and animal production, hunting and related service activities | Growing of non-perennial crops | Growing of cereals (except rice), leguminous crops and oil seeds",9
4,class,01.12,Growing of rice,class:01.12,group:01.1,A,"AGRICULTURE, FORESTRY AND FISHING",01,"Crop and animal production, hunting and related service activities",01.1,Growing of non-perennial crops,01.12,Growing of rice,A | 01 | 01.1 | 01.12,"AGRICULTURE, FORESTRY AND FISHING | Crop and animal production, hunting and related service activities | Growing of non-perennial crops | Growing of rice",10
4,class,01.13,"Growing of vegetables and melons, roots and tubers",class:01.13,group:01.1,A,"AGRICULTURE, FORESTRY AND FISHING",01,"Crop and animal production, hunting and related service activities",01.1,Growing of non-perennial crops,01.13,"Growing of vegetables and melons, roots and tubers",A | 01 | 01.1 | 01.13,"AGRICULTURE, FORESTRY AND FISHING | Crop and animal production, hunting and related service activities | Growing of non-perennial crops | Growing of vegetables and melons, roots and tubers",11
4,class,01.14,Growing of sugar cane,class:01.14,group:01.1,A,"AGRICULTURE, FORESTRY AND FISHING",01,"Crop and animal production, hunting and related service activities",01.1,Growing of non-perennial crops,01.14,Growing of sugar cane,A | 01 | 01.1 | 01.14,"AGRICULTURE, FORESTRY AND FISHING | Crop and animal production, hunting and related service activities | Growing of non-perennial crops | Growing of sugar cane",12
4,class,01.15,Growing of tobacco,class:01.15,group:01.1,A,"AGRICULTURE, FORESTRY AND FISHING",01,"Crop and animal production, hunting and related service activities",01.1,Growing of non-perennial crops,01.15,Growing of tobacco,A | 01 | 01.1 | 01.15,"AGRICULTURE, FORESTRY AND FISHING | Crop and animal production, hunting and related service activities | Growing of non-perennial crops | Growing of tobacco",13
4,class,01.16,Growing of fibre crops,class:01.16,group:01.1,A,"AGRICULTURE, FORESTRY AND FISHING",01,"Crop and animal production, hunting and related service activities",01.1,Growing of non-perennial crops,01.16,Growing of fibre crops,A | 01 | 01.1 | 01.16,"AGRICULTURE, FORESTRY AND FISHING | Crop and animal production, hunting and related service activities | Growing of non-perennial crops | Growing of fibre crops",14
4,class,01.19,Growing of other non-perennial crops,class:01.19,group:01.1,A,"AGRICULTURE, FORESTRY AND FISHING",01,"Crop and animal production, hunting and related service activities",01.1,Growing of non-perennial crops,01.19,Growing of other non-perennial crops,A | 01 | 01.1 | 01.19,"AGRICULTURE, FORESTRY AND FISHING | Crop and animal production, hunting and related service activities | Growing of non-perennial crops | Growing of other non-perennial crops",15
3,group,01.2,Growing of perennial crops,group:01.2,division:01,A,"AGRICULTURE, FORESTRY AND FISHING",01,"Crop and animal production, hunting and related service activities",01.2,Growing of perennial crops,,,A | 01 | 01.2,"AGRICULTURE, FORESTRY AND FISHING | Crop and animal production, hunting and related service activities | Growing of perennial crops",16
4,class,01.21,Growing of grapes,class:01.21,group:01.2,A,"AGRICULTURE, FORESTRY AND FISHING",01,"Crop and animal production, hunting and related service activities",01.2,Growing of perennial crops,01.21,Growing of grapes,A | 01 | 01.2 | 01.21,"AGRICULTURE, FORESTRY AND FISHING | Crop and animal production, hunting and related service activities | Growing of perennial crops | Growing of grapes",17
4,class,01.22,Growing of tropical and subtropical fruits,class:01.22,group:01.2,A,"AGRICULTURE, FORESTRY AND FISHING",01,"Crop and animal production, hunting and related service activities",01.2,Growing of perennial crops,01.22,Growing of tropical and subtropical fruits,A | 01 | 01.2 | 01.22,"AGRICULTURE, FORESTRY AND FISHING | Crop and animal production, hunting and related service activities | Growing of perennial crops | Growing of tropical and subtropical fruits",18
4,class,01.23,Growing of citrus fruits,class:01.23,group:01.2,A,"AGRICULTURE, FORESTRY AND FISHING",01,"Crop and animal production, hunting and related service activities",01.2,Growing of perennial crops,01.23,Growing of citrus fruits,A | 01 | 01.2 | 01.23,"AGRICULTURE, FORESTRY AND FISHING | Crop and animal production, hunting and related service activities | Growing of perennial crops | Growing of citrus fruits",19
4,class,01.24,Growing of pome fruits and stone fruits,class:01.24,group:01.2,A,"AGRICULTURE, FORESTRY AND FISHING",01,"Crop and animal production, hunting and related service activities",01.2,Growing of perennial crops,01.24,Growing of pome fruits and stone fruits,A | 01 | 01.2 | 01.24,"AGRICULTURE, FORESTRY AND FISHING | Crop and animal production, hunting and related service activities | Growing of perennial crops | Growing of pome fruits and stone fruits",20
4,class,01.25,Growing of other tree and bush fruits and nuts,class:01.25,group:01.2,A,"AGRICULTURE, FORESTRY AND FISHING",01,"Crop and animal production, hunting and related service activities",01.2,Growing of perennial crops,01.25,Growing of other tree and bush fruits and nuts,A | 01 | 01.2 | 01.25,"AGRICULTURE, FORESTRY AND FISHING | Crop and animal production, hunting and related service activities | Growing of perennial crops | Growing of other tree and bush fruits and nuts",21
4,class,01.26,Growing of oleaginous fruits,class:01.26,group:01.2,A,"AGRICULTURE, FORESTRY AND FISHING",01,"Crop and animal production, hunting and related service activities",01.2,Growing of perennial crops,01.26,Growing of oleaginous fruits,A | 01 | 01.2 | 01.26,"AGRICULTURE, FORESTRY AND FISHING | Crop and animal production, hunting and related service activities | Growing of perennial crops | Growing of oleaginous fruits",22
4,class,01.27,Growing of beverage crops,class:01.27,group:01.2,A,"AGRICULTURE, FORESTRY AND FISHING",01,"Crop and animal production, hunting and related service activities",01.2,Growing of perennial crops,01.27,Growing of beverage crops,A | 01 | 01.2 | 01.27,"AGRICULTURE, FORESTRY AND FISHING | Crop and animal production, hunting and related service activities | Growing of perennial crops | Growing of beverage crops",23
4,class,01.28,"Growing of spices, aromatic, drug and pharmaceutical crops",class:01.28,group:01.2,A,"AGRICULTURE, FORESTRY AND FISHING",01,"Crop and animal production, hunting and related service activities",01.2,Growing of perennial crops,01.28,"Growing of spices, aromatic, drug and pharmaceutical crops",A | 01 | 01.2 | 01.28,"AGRICULTURE, FORESTRY AND FISHING | Crop and animal production, hunting and related service activities | Growing of perennial crops | Growing of spices, aromatic, drug and pharmaceutical crops",24
4,class,01.29,Growing of other perennial crops,class:01.29,group:01.2,A,"AGRICULTURE, FORESTRY AND FISHING",01,"Crop and animal production, hunting and related service activities",01.2,Growing of perennial crops,01.29,Growing of other perennial crops,A | 01 | 01.2 | 01.29,"AGRICULTURE, FORESTRY AND FISHING | Crop and animal production, hunting and related service activities | Growing of perennial crops | Growing of other perennial crops",25
3,group,01.3,Plant propagation,group:01.3,division:01,A,"AGRICULTURE, FORESTRY AND FISHING",01,"Crop and animal production, hunting and related service activities",01.3,Plant propagation,,,A | 01 | 01.3,"AGRICULTURE, FORESTRY AND FISHING | Crop and animal production, hunting and related service activities | Plant propagation",26
4,class,01.30,Plant propagation,class:01.30,group:01.3,A,"AGRICULTURE, FORESTRY AND FISHING",01,"Crop and animal production, hunting and related service activities",01.3,Plant propagation,01.30,Plant propagation,A | 01 | 01.3 | 01.30,"AGRICULTURE, FORESTRY AND FISHING | Crop and animal production, hunting and related service activities | Plant propagation | Plant propagation",27
3,group,01.4,Animal production,group:01.4,division:01,A,"AGRICULTURE, FORESTRY AND FISHING",01,"Crop and animal production, hunting and related service activities",01.4,Animal production,,,A | 01 | 01.4,"AGRICULTURE, FORESTRY AND FISHING | Crop and animal production, hunting and related service activities | Animal production",28
4,class,01.41,Raising of dairy cattle,class:01.41,group:01.4,A,"AGRICULTURE, FORESTRY AND FISHING",01,"Crop and animal production, hunting and related service activities",01.4,Animal production,01.41,Raising of dairy cattle,A | 01 | 01.4 | 01.41,"AGRICULTURE, FORESTRY AND FISHING | Crop and animal production, hunting and related service activities | Animal production | Raising of dairy cattle",29
4,class,01.42,Raising of other cattle and buffaloes,class:01.42,group:01.4,A,"AGRICULTURE, FORESTRY AND FISHING",01,"Crop and animal production, hunting and related service activities",01.4,Animal production,01.42,Raising of other cattle and buffaloes,A | 01 | 01.4 | 01.42,"AGRICULTURE, FORESTRY AND FISHING | Crop and animal production, hunting and related service activities | Animal production | Raising of other cattle and buffaloes",30
4,class,01.43,Raising of horses and other equines,class:01.43,group:01.4,A,"AGRICULTURE, FORESTRY AND FISHING",01,"Crop and animal production, hunting and related service activities",01.4,Animal production,01.43,Raising of horses and other equines,A | 01 | 01.4 | 01.43,"AGRICULTURE, FORESTRY AND FISHING | Crop and animal production, hunting and related service activities | Animal production | Raising of horses and other equines",31
4,class,01.44,Raising of camels and camelids,class:01.44,group:01.4,A,"AGRICULTURE, FORESTRY AND FISHING",01,"Crop and animal production, hunting and related service activities",01.4,Animal production,01.44,Raising of camels and camelids,A | 01 | 01.4 | 01.44,"AGRICULTURE, FORESTRY AND FISHING | Crop and animal production, hunting and related service activities | Animal production | Raising of camels and camelids",32
4,class,01.45,Raising of sheep and goats,class:01.45,group:01.4,A,"AGRICULTURE, FORESTRY AND FISHING",01,"Crop and animal production, hunting and related service activities",01.4,Animal production,01.45,Raising of sheep and goats,A | 01 | 01.4 | 01.45,"AGRICULTURE, FORESTRY AND FISHING | Crop and animal production, hunting and related service activities | Animal production | Raising of sheep and goats",33
4,class,01.46,Raising of swine/pigs,class:01.46,group:01.4,A,"AGRICULTURE, FORESTRY AND FISHING",01,"Crop and animal production, hunting and related service activities",01.4,Animal production,01.46,Raising of swine/pigs,A | 01 | 01.4 | 01.46,"AGRICULTURE, FORESTRY AND FISHING | Crop and animal production, hunting and related service activities | Animal production | Raising of swine/pigs",34
4,class,01.47,Raising of poultry,class:01.47,group:01.4,A,"AGRICULTURE, FORESTRY AND FISHING",01,"Crop and animal production, hunting and related service activities",01.4,Animal production,01.47,Raising of poultry,A | 01 | 01.4 | 01.47,"AGRICULTURE, FORESTRY AND FISHING | Crop and animal production, hunting and related service activities | Animal production | Raising of poultry",35
4,class,01.49,Raising of other animals,class:01.49,group:01.4,A,"AGRICULTURE, FORESTRY AND FISHING",01,"Crop and animal production, hunting and related service activities",01.4,Animal production,01.49,Raising of other animals,A | 01 | 01.4 | 01.49,"AGRICULTURE, FORESTRY AND FISHING | Crop and animal production, hunting and related service activities | Animal production | Raising of other animals",36
3,group,01.5,Mixed farming,group:01.5,division:01,A,"AGRICULTURE, FORESTRY AND FISHING",01,"Crop and animal production, hunting and related service activities",01.5,Mixed farming,,,A | 01 | 01.5,"AGRICULTURE, FORESTRY AND FISHING | Crop and animal production, hunting and related service activities | Mixed farming",37
4,class,01.50,Mixed farming,class:01.50,group:01.5,A,"AGRICULTURE, FORESTRY AND FISHING",01,"Crop and animal production, hunting and related service activities",01.5,Mixed farming,01.50,Mixed farming,A | 01 | 01.5 | 01.50,"AGRICULTURE, FORESTRY AND FISHING | Crop and animal production, hunting and related service activities | Mixed farming | Mixed farming",38
3,group,01.6,Support activities to agriculture and post-harvest crop activities,group:01.6,division:01,A,"AGRICULTURE, FORESTRY AND FISHING",01,"Crop and animal production, hunting and related service activities",01.6,Support activities to agriculture and post-harvest crop activities,,,A | 01 | 01.6,"AGRICULTURE, FORESTRY AND FISHING | Crop and animal production, hunting and related service activities | Support activities to agriculture and post-harvest crop activities",39
4,class,01.61,Support activities for crop production,class:01.61,group:01.6,A,"AGRICULTURE, FORESTRY AND FISHING",01,"Crop and animal production, hunting and related service activities",01.6,Support activities to agriculture and post-harvest crop activities,01.61,Support activities for crop production,A | 01 | 01.6 | 01.61,"AGRICULTURE, FORESTRY AND FISHING | Crop and animal production, hunting and related service activities | Support activities to agriculture and post-harvest crop activities | Support activities for crop production",40
4,class,01.62,Support activities for animal production,class:01.62,group:01.6,A,"AGRICULTURE, FORESTRY AND FISHING",01,"Crop and animal production, hunting and related service activities",01.6,Support activities to agriculture and post-harvest crop activities,01.62,Support activities for animal production,A | 01 | 01.6 | 01.62,"AGRICULTURE, FORESTRY AND FISHING | Crop and animal production, hunting and related service activities | Support activities to agriculture and post-harvest crop activities | Support activities for animal production",41
4,class,01.63,Post-harvest crop activities,class:01.63,group:01.6,A,"AGRICULTURE, FORESTRY AND FISHING",01,"Crop and animal production, hunting and related service activities",01.6,Support activities to agriculture and post-harvest crop activities,01.63,Post-harvest crop activities,A | 01 | 01.6 | 01.63,"AGRICULTURE, FORESTRY AND FISHING | Crop and animal production, hunting and related service activities | Support activities to agriculture and post-harvest crop activities | Post-harvest crop activities",42
4,class,01.64,Seed processing for propagation,class:01.64,group:01.6,A,"AGRICULTURE, FORESTRY AND FISHING",01,"Crop and animal production, hunting and related service activities",01.6,Support activities to agriculture and post-harvest crop activities,01.64,Seed processing for propagation,A | 01 | 01.6 | 01.64,"AGRICULTURE, FORESTRY AND FISHING | Crop and animal production, hunting and related service activities | Support activities to agriculture and post-harvest crop activities | Seed processing for propagation",43
3,group,01.7,"Hunting, trapping and related service activities",group:01.7,division:01,A,"AGRICULTURE, FORESTRY AND FISHING",01,"Crop and animal production, hunting and related service activities",01.7,"Hunting, trapping and related service activities",,,A | 01 | 01.7,"AGRICULTURE, FORESTRY AND FISHING | Crop and animal production, hunting and related service activities | Hunting, trapping and related service activities",44
4,class,01.70,"Hunting, trapping and related service activities",class:01.70,group:01.7,A,"AGRICULTURE, FORESTRY AND FISHING",01,"Crop and animal production, hunting and related service activities",01.7,"Hunting, trapping and related service activities",01.70,"Hunting, trapping and related service activities",A | 01 | 01.7 | 01.70,"AGRICULTURE, FORESTRY AND FISHING | Crop and animal production, hunting and related service activities | Hunting, trapping and related service activities | Hunting, trapping and related service activities",45
2,division,02,Forestry and logging,division:02,section:A,A,"AGRICULTURE, FORESTRY AND FISHING",02,Forestry and logging,,,,,A | 02,"AGRICULTURE, FORESTRY AND FISHING | Forestry and logging",46
3,group,02.1,Silviculture and other forestry activities,group:02.1,division:02,A,"AGRICULTURE, FORESTRY AND FISHING",02,Forestry and logging,02.1,Silviculture and other forestry activities,,,A | 02 | 02.1,"AGRICULTURE, FORESTRY AND FISHING | Forestry and logging | Silviculture and other forestry activities",47
4,class,02.10,Silviculture and other forestry activities,class:02.10,group:02.1,A,"AGRICULTURE, FORESTRY AND FISHING",02,Forestry and logging,02.1,Silviculture and other forestry activities,02.10,Silviculture and other forestry activities,A | 02 | 02.1 | 02.10,"AGRICULTURE, FORESTRY AND FISHING | Forestry and logging | Silviculture and other forestry activities | Silviculture and other forestry activities",48
3,group,02.2,Logging,group:02.2,division:02,A,"AGRICULTURE, FORESTRY AND FISHING",02,Forestry and logging,02.2,Logging,,,A | 02 | 02.2,"AGRICULTURE, FORESTRY AND FISHING | Forestry and logging | Logging",49
4,class,02.20,Logging,class:02.20,group:02.2,A,"AGRICULTURE, FORESTRY AND FISHING",02,Forestry and logging,02.2,Logging,02.20,Logging,A | 02 | 02.2 | 02.20,"AGRICULTURE, FORESTRY AND FISHING | Forestry and logging | Logging | Logging",50
3,group,02.3,Gathering of wild growing non-wood products,group:02.3,division:02,A,"AGRICULTURE, FORESTRY AND FISHING",02,Forestry and logging,02.3,Gathering of wild growing non-wood products,,,A | 02 | 02.3,"AGRICULTURE, FORESTRY AND FISHING | Forestry and logging | Gathering of wild growing non-wood products",51
4,class,02.30,Gathering of wild growing non-wood products,class:02.30,group:02.3,A,"AGRICULTURE, FORESTRY AND FISHING",02,Forestry and logging,02.3,Gathering of wild growing non-wood products,02.30,Gathering of wild growing non-wood products,A | 02 | 02.3 | 02.30,"AGRICULTURE, FORESTRY AND FISHING | Forestry and logging | Gathering of wild growing non-wood products | Gathering of wild growing non-wood products",52
3,group,02.4,Support services to forestry,group:02.4,division:02,A,"AGRICULTURE, FORESTRY AND FISHING",02,Forestry and logging,02.4,Support services to forestry,,,A | 02 | 02.4,"AGRICULTURE, FORESTRY AND FISHING | Forestry and logging | Support services to forestry",53
4,class,02.40,Support services to forestry,class:02.40,group:02.4,A,"AGRICULTURE, FORESTRY AND FISHING",02,Forestry and logging,02.4,Support services to forestry,02.40,Support services to forestry,A | 02 | 02.4 | 02.40,"AGRICULTURE, FORESTRY AND FISHING | Forestry and logging | Support services to forestry | Support services to forestry",54
2,division,03,Fishing and aquaculture,division:03,section:A,A,"AGRICULTURE, FORESTRY AND FISHING",03,Fishing and aquaculture,,,,,A | 03,"AGRICULTURE, FORESTRY AND FISHING | Fishing and aquaculture",55
3,group,03.1,Fishing,group:03.1,division:03,A,"AGRICULTURE, FORESTRY AND FISHING",03,Fishing and aquaculture,03.1,Fishing,,,A | 03 | 03.1,"AGRICULTURE, FORESTRY AND FISHING | Fishing and aquaculture | Fishing",56
4,class,03.11,Marine fishing,class:03.11,group:03.1,A,"AGRICULTURE, FORESTRY AND FISHING",03,Fishing and aquaculture,03.1,Fishing,03.11,Marine fishing,A | 03 | 03.1 | 03.11,"AGRICULTURE, FORESTRY AND FISHING | Fishing and aquaculture | Fishing | Marine fishing",57
4,class,03.12,Freshwater fishing,class:03.12,group:03.1,A,"AGRICULTURE, FORESTRY AND FISHING",03,Fishing and aquaculture,03.1,Fishing,03.12,Freshwater fishing,A | 03 | 03.1 | 03.12,"AGRICULTURE, FORESTRY AND FISHING | Fishing and aquaculture | Fishing | Freshwater fishing",58
3,group,03.2,Aquaculture,group:03.2,division:03,A,"AGRICULTURE, FORESTRY AND FISHING",03,Fishing and aquaculture,03.2,Aquaculture,,,A | 03 | 03.2,"AGRICULTURE, FORESTRY AND FISHING | Fishing and aquaculture | Aquaculture",59
4,class,03.21,Marine aquaculture,class:03.21,group:03.2,A,"AGRICULTURE, FORESTRY AND FISHING",03,Fishing and aquaculture,03.2,Aquaculture,03.21,Marine aquaculture,A | 03 | 03.2 | 03.21,"AGRICULTURE, FORESTRY AND FISHING | Fishing and aquaculture | Aquaculture | Marine aquaculture",60
4,class,03.22,Freshwater aquaculture,class:03.22,group:03.2,A,"AGRICULTURE, FORESTRY AND FISHING",03,Fishing and aquaculture,03.2,Aquaculture,03.22,Freshwater aquaculture,A | 03 | 03.2 | 03.22,"AGRICULTURE, FORESTRY AND FISHING | Fishing and aquaculture | Aquaculture | Freshwater aquaculture",61
1,section,B,MINING AND QUARRYING,section:B,,B,MINING AND QUARRYING,,,,,,,B,MINING AND QUARRYING,62
2,division,05,Mining of coal and lignite,division:05,section:B,B,MINING AND QUARRYING,05,Mining of coal and lignite,,,,,B | 05,MINING AND QUARRYING | Mining of coal and lignite,63
3,group,05.1,Mining of hard coal,group:05.1,division:05,B,MINING AND QUARRYING,05,Mining of coal and lignite,05.1,Mining of hard coal,,,B | 05 | 05.1,MINING AND QUARRYING | Mining of coal and lignite | Mining of hard coal,64
4,class,05.10,Mining of hard coal,class:05.10,group:05.1,B,MINING AND QUARRYING,05,Mining of coal and lignite,05.1,Mining of hard coal,05.10,Mining of hard coal,B | 05 | 05.1 | 05.10,MINING AND QUARRYING | Mining of coal and lignite | Mining of hard coal | Mining of hard coal,65
3,group,05.2,Mining of lignite,group:05.2,division:05,B,MINING AND QUARRYING,05,Mining of coal and lignite,05.2,Mining of lignite,,,B | 05 | 05.2,MINING AND QUARRYING | Mining of coal and lignite | Mining of lignite,66
4,class,05.20,Mining of lignite,class:05.20,group:05.2,B,MINING AND QUARRYING,05,Mining of coal and lignite,05.2,Mining of lignite,05.20,Mining of lignite,B | 05 | 05.2 | 05.20,MINING AND QUARRYING | Mining of coal and lignite | Mining of lignite | Mining of lignite,67
2,division,06,Extraction of crude petroleum and natural gas,division:06,section:B,B,MINING AND QUARRYING,06,Extraction of crude petroleum and natural gas,,,,,B | 06,MINING AND QUARRYING | Extraction of crude petroleum and natural gas,68
3,group,06.1,Extraction of crude petroleum,group:06.1,division:06,B,MINING AND QUARRYING,06,Extraction of crude petroleum and natural gas,06.1,Extraction of crude petroleum,,,B | 06 | 06.1,MINING AND QUARRYING | Extraction of crude petroleum and natural gas | Extraction of crude petroleum,69
4,class,06.10,Extraction of crude petroleum,class:06.10,group:06.1,B,MINING AND QUARRYING,06,Extraction of crude petroleum and natural gas,06.1,Extraction of crude petroleum,06.10,Extraction of crude petroleum,B | 06 | 06.1 | 06.10,MINING AND QUARRYING | Extraction of crude petroleum and natural gas | Extraction of crude petroleum | Extraction of crude petroleum,70
3,group,06.2,Extraction of natural gas,group:06.2,division:06,B,MINING AND QUARRYING,06,Extraction of crude petroleum and natural gas,06.2,Extraction of natural gas,,,B | 06 | 06.2,MINING AND QUARRYING | Extraction of crude petroleum and natural gas | Extraction of natural gas,71
4,class,06.20,Extraction of natural gas,class:06.20,group:06.2,B,MINING AND QUARRYING,06,Extraction of crude petroleum and natural gas,06.2,Extraction of natural gas,06.20,Extraction of natural gas,B | 06 | 06.2 | 06.20,MINING AND QUARRYING | Extraction of crude petroleum and natural gas | Extraction of natural gas | Extraction of natural gas,72
2,division,07,Mining of metal ores,division:07,section:B,B,MINING AND QUARRYING,07,Mining of metal ores,,,,,B | 07,MINING AND QUARRYING | Mining of metal ores,73
3,group,07.1,Mining of iron ores,group:07.1,division:07,B,MINING AND QUARRYING,07,Mining of metal ores,07.1,Mining of iron ores,,,B | 07 | 07.1,MINING AND QUARRYING | Mining of metal ores | Mining of iron ores,74
4,class,07.10,Mining of iron ores,class:07.10,group:07.1,B,MINING AND QUARRYING,07,Mining of metal ores,07.1,Mining of iron ores,07.10,Mining of iron ores,B | 07 | 07.1 | 07.10,MINING AND QUARRYING | Mining of metal ores | Mining of iron ores | Mining of iron ores,75
3,group,07.2,Mining of non-ferrous metal ores,group:07.2,division:07,B,MINING AND QUARRYING,07,Mining of metal ores,07.2,Mining of non-ferrous metal ores,,,B | 07 | 07.2,MINING AND QUARRYING | Mining of metal ores | Mining of non-ferrous metal ores,76
4,class,07.21,Mining of uranium and thorium ores,class:07.21,group:07.2,B,MINING AND QUARRYING,07,Mining of metal ores,07.2,Mining of non-ferrous metal ores,07.21,Mining of uranium and thorium ores,B | 07 | 07.2 | 07.21,MINING AND QUARRYING | Mining of metal ores | Mining of non-ferrous metal ores | Mining of uranium and thorium ores,77
4,class,07.29,Mining of other non-ferrous metal ores,class:07.29,group:07.2,B,MINING AND QUARRYING,07,Mining of metal ores,07.2,Mining of non-ferrous metal ores,07.29,Mining of other non-ferrous metal ores,B | 07 | 07.2 | 07.29,MINING AND QUARRYING | Mining of metal ores | Mining of non-ferrous metal ores | Mining of other non-ferrous metal ores,78
2,division,08,Other mining and quarrying,division:08,section:B,B,MINING AND QUARRYING,08,Other mining and quarrying,,,,,B | 08,MINING AND QUARRYING | Other mining and quarrying,79
3,group,08.1,"Quarrying of stone, sand and clay",group:08.1,division:08,B,MINING AND QUARRYING,08,Other mining and quarrying,08.1,"Quarrying of stone, sand and clay",,,B | 08 | 08.1,"MINING AND QUARRYING | Other mining and quarrying | Quarrying of stone, sand and clay",80
4,class,08.11,"Quarrying of ornamental and building stone, limestone, gypsum, chalk and slate",class:08.11,group:08.1,B,MINING AND QUARRYING,08,Other mining and quarrying,08.1,"Quarrying of stone, sand and clay",08.11,"Quarrying of ornamental and building stone, limestone, gypsum, chalk and slate",B | 08 | 08.1 | 08.11,"MINING AND QUARRYING | Other mining and quarrying | Quarrying of stone, sand and clay | Quarrying of ornamental and building stone, limestone, gypsum, chalk and slate",81
4,class,08.12,Operation of gravel and sand pits; mining of clays and kaolin,class:08.12,group:08.1,B,MINING AND QUARRYING,08,Other mining and quarrying,08.1,"Quarrying of stone, sand and clay",08.12,Operation of gravel and sand pits; mining of clays and kaolin,B | 08 | 08.1 | 08.12,"MINING AND QUARRYING | Other mining and quarrying | Quarrying of stone, sand and clay | Operation of gravel and sand pits; mining of clays and kaolin",82
3,group,08.9,Mining and quarrying n.e.c.,group:08.9,division:08,B,MINING AND QUARRYING,08,Other mining and quarrying,08.9,Mining and quarrying n.e.c.,,,B | 08 | 08.9,MINING AND QUARRYING | Other mining and quarrying | Mining and quarrying n.e.c.,83
4,class,08.91,Mining of chemical and fertiliser minerals,class:08.91,group:08.9,B,MINING AND QUARRYING,08,Other mining and quarrying,08.9,Mining and quarrying n.e.c.,08.91,Mining of chemical and fertiliser minerals,B | 08 | 08.9 | 08.91,MINING AND QUARRYING | Other mining and quarrying | Mining and quarrying n.e.c. | Mining of chemical and fertiliser minerals,84
4,class,08.92,Extraction of peat,class:08.92,group:08.9,B,MINING AND QUARRYING,08,Other mining and quarrying,08.9,Mining and quarrying n.e.c.,08.92,Extraction of peat,B | 08 | 08.9 | 08.92,MINING AND QUARRYING | Other mining and quarrying | Mining and quarrying n.e.c. | Extraction of peat,85
4,class,08.93,Extraction of salt,class:08.93,group:08.9,B,MINING AND QUARRYING,08,Other mining and quarrying,08.9,Mining and quarrying n.e.c.,08.93,Extraction of salt,B | 08 | 08.9 | 08.93,MINING AND QUARRYING | Other mining and quarrying | Mining and quarrying n.e.c. | Extraction of salt,86
4,class,08.99,Other mining and quarrying n.e.c.,class:08.99,group:08.9,B,MINING AND QUARRYING,08,Other mining and quarrying,08.9,Mining and quarrying n.e.c.,08.99,Other mining and quarrying n.e.c.,B | 08 | 08.9 | 08.99,MINING AND QUARRYING | Other mining and quarrying | Mining and quarrying n.e.c. | Other mining and quarrying n.e.c.,87
2,division,09,Mining support service activities,division:09,section:B,B,MINING AND QUARRYING,09,Mining support service activities,,,,,B | 09,MINING AND QUARRYING | Mining support service activities,88
3,group,09.1,Support activities for petroleum and natural gas extraction,group:09.1,division:09,B,MINING AND QUARRYING,09,Mining support service activities,09.1,Support activities for petroleum and natural gas extraction,,,B | 09 | 09.1,MINING AND QUARRYING | Mining support service activities | Support activities for petroleum and natural gas extraction,89
4,class,09.10,Support activities for petroleum and natural gas extraction,class:09.10,group:09.1,B,MINING AND QUARRYING,09,Mining support service activities,09.1,Support activities for petroleum and natural gas extraction,09.10,Support activities for petroleum and natural gas extraction,B | 09 | 09.1 | 09.10,MINING AND QUARRYING | Mining support service activities | Support activities for petroleum and natural gas extraction | Support activities for petroleum and natural gas extraction,90
3,group,09.9,Support activities for other mining and quarrying,group:09.9,division:09,B,MINING AND QUARRYING,09,Mining support service activities,09.9,Support activities for other mining and quarrying,,,B | 09 | 09.9,MINING AND QUARRYING | Mining support service activities | Support activities for other mining and quarrying,91
4,class,09.90,Support activities for other mining and quarrying,class:09.90,group:09.9,B,MINING AND QUARRYING,09,Mining support service activities,09.9,Support activities for other mining and quarrying,09.90,Support activities for other mining and quarrying,B | 09 | 09.9 | 09.90,MINING AND QUARRYING | Mining support service activities | Support activities for other mining and quarrying | Support activities for other mining and quarrying,92
1,section,C,MANUFACTURING,section:C,,C,MANUFACTURING,,,,,,,C,MANUFACTURING,93
2,division,10,Manufacture of food products,division:10,section:C,C,MANUFACTURING,10,Manufacture of food products,,,,,C | 10,MANUFACTURING | Manufacture of food products,94
3,group,10.1,Processing and preserving of meat and production of meat products,group:10.1,division:10,C,MANUFACTURING,10,Manufacture of food products,10.1,Processing and preserving of meat and production of meat products,,,C | 10 | 10.1,MANUFACTURING | Manufacture of food products | Processing and preserving of meat and production of meat products,95
4,class,10.11,Processing and preserving of meat,class:10.11,group:10.1,C,MANUFACTURING,10,Manufacture of food products,10.1,Processing and preserving of meat and production of meat products,10.11,Processing and preserving of meat,C | 10 | 10.1 | 10.11,MANUFACTURING | Manufacture of food products | Processing and preserving of meat and production of meat products | Processing and preserving of meat,96
4,class,10.12,Processing and preserving of poultry meat,class:10.12,group:10.1,C,MANUFACTURING,10,Manufacture of food products,10.1,Processing and preserving of meat and production of meat products,10.12,Processing and preserving of poultry meat,C | 10 | 10.1 | 10.12,MANUFACTURING | Manufacture of food products | Processing and preserving of meat and production of meat products | Processing and preserving of poultry meat,97
4,class,10.13,Production of meat and poultry meat products,class:10.13,group:10.1,C,MANUFACTURING,10,Manufacture of food products,10.1,Processing and preserving of meat and production of meat products,10.13,Production of meat and poultry meat products,C | 10 | 10.1 | 10.13,MANUFACTURING | Manufacture of food products | Processing and preserving of meat and production of meat products | Production of meat and poultry meat products,98
3,group,10.2,"Processing and preserving of fish, crustaceans and molluscs",group:10.2,division:10,C,MANUFACTURING,10,Manufacture of food products,10.2,"Processing and preserving of fish, crustaceans and molluscs",,,C | 10 | 10.2,"MANUFACTURING | Manufacture of food products | Processing and preserving of fish, crustaceans and molluscs",99
4,class,10.20,"Processing and preserving of fish, crustaceans and molluscs",class:10.20,group:10.2,C,MANUFACTURING,10,Manufacture of food products,10.2,"Processing and preserving of fish, crustaceans and molluscs",10.20,"Processing and preserving of fish, crustaceans and molluscs",C | 10 | 10.2 | 10.20,"MANUFACTURING | Manufacture of food products | Processing and preserving of fish, crustaceans and molluscs | Processing and preserving of fish, crustaceans and molluscs",100
3,group,10.3,Processing and preserving of fruit and vegetables,group:10.3,division:10,C,MANUFACTURING,10,Manufacture of food products,10.3,Processing and preserving of fruit and vegetables,,,C | 10 | 10.3,MANUFACTURING | Manufacture of food products | Processing and preserving of fruit and vegetables,101
4,class,10.31,Processing and preserving of potatoes,class:10.31,group:10.3,C,MANUFACTURING,10,Manufacture of food products,10.3,Processing and preserving of fruit and vegetables,10.31,Processing and preserving of potatoes,C | 10 | 10.3 | 10.31,MANUFACTURING | Manufacture of food products | Processing and preserving of fruit and vegetables | Processing and preserving of potatoes,102
4,class,10.32,Manufacture of fruit and vegetable juice,class:10.32,group:10.3,C,MANUFACTURING,10,Manufacture of food products,10.3,Processing and preserving of fruit and vegetables,10.32,Manufacture of fruit and vegetable juice,C | 10 | 10.3 | 10.32,MANUFACTURING | Manufacture of food products | Processing and preserving of fruit and vegetables | Manufacture of fruit and vegetable juice,103
4,class,10.39,Other processing and preserving of fruit and vegetables,class:10.39,group:10.3,C,MANUFACTURING,10,Manufacture of food products,10.3,Processing and preserving of fruit and vegetables,10.39,Other processing and preserving of fruit and vegetables,C | 10 | 10.3 | 10.39,MANUFACTURING | Manufacture of food products | Processing and preserving of fruit and vegetables | Other processing and preserving of fruit and vegetables,104
3,group,10.4,Manufacture of vegetable and animal oils and fats,group:10.4,division:10,C,MANUFACTURING,10,Manufacture of food products,10.4,Manufacture of vegetable and animal oils and fats,,,C | 10 | 10.4,MANUFACTURING | Manufacture of food products | Manufacture of vegetable and animal oils and fats,105
4,class,10.41,Manufacture of oils and fats,class:10.41,group:10.4,C,MANUFACTURING,10,Manufacture of food products,10.4,Manufacture of vegetable and animal oils and fats,10.41,Manufacture of oils and fats,C | 10 | 10.4 | 10.41,MANUFACTURING | Manufacture of food products | Manufacture of vegetable and animal oils and fats | Manufacture of oils and fats,106
4,class,10.42,Manufacture of margarine and similar edible fats,class:10.42,group:10.4,C,MANUFACTURING,10,Manufacture of food products,10.4,Manufacture of vegetable and animal oils and fats,10.42,Manufacture of margarine and similar edible fats,C | 10 | 10.4 | 10.42,MANUFACTURING | Manufacture of food products | Manufacture of vegetable and animal oils and fats | Manufacture of margarine and similar edible fats,107
3,group,10.5,Manufacture of dairy products,group:10.5,division:10,C,MANUFACTURING,10,Manufacture of food products,10.5,Manufacture of dairy products,,,C | 10 | 10.5,MANUFACTURING | Manufacture of food products | Manufacture of dairy products,108
4,class,10.51,Operation of dairies and cheese making,class:10.51,group:10.5,C,MANUFACTURING,10,Manufacture of food products,10.5,Manufacture of dairy products,10.51,Operation of dairies and cheese making,C | 10 | 10.5 | 10.51,MANUFACTURING | Manufacture of food products | Manufacture of dairy products | Operation of dairies and cheese making,109
4,class,10.52,Manufacture of ice cream,class:10.52,group:10.5,C,MANUFACTURING,10,Manufacture of food products,10.5,Manufacture of dairy products,10.52,Manufacture of ice cream,C | 10 | 10.5 | 10.52,MANUFACTURING | Manufacture of food products | Manufacture of dairy products | Manufacture of ice cream,110
3,group,10.6,"Manufacture of grain mill products, starches and starch products",group:10.6,division:10,C,MANUFACTURING,10,Manufacture of food products,10.6,"Manufacture of grain mill products, starches and starch products",,,C | 10 | 10.6,"MANUFACTURING | Manufacture of food products | Manufacture of grain mill products, starches and starch products",111
4,class,10.61,Manufacture of grain mill products,class:10.61,group:10.6,C,MANUFACTURING,10,Manufacture of food products,10.6,"Manufacture of grain mill products, starches and starch products",10.61,Manufacture of grain mill products,C | 10 | 10.6 | 10.61,"MANUFACTURING | Manufacture of food products | Manufacture of grain mill products, starches and starch products | Manufacture of grain mill products",112
4,class,10.62,Manufacture of starches and starch products,class:10.62,group:10.6,C,MANUFACTURING,10,Manufacture of food products,10.6,"Manufacture of grain mill products, starches and starch products",10.62,Manufacture of starches and starch products,C | 10 | 10.6 | 10.62,"MANUFACTURING | Manufacture of food products | Manufacture of grain mill products, starches and starch products | Manufacture of starches and starch products",113
3,group,10.7,Manufacture of bakery and farinaceous products,group:10.7,division:10,C,MANUFACTURING,10,Manufacture of food products,10.7,Manufacture of bakery and farinaceous products,,,C | 10 | 10.7,MANUFACTURING | Manufacture of food products | Manufacture of bakery and farinaceous products,114
4,class,10.71,Manufacture of bread; manufacture of fresh pastry goods and cakes,class:10.71,group:10.7,C,MANUFACTURING,10,Manufacture of food products,10.7,Manufacture of bakery and farinaceous products,10.71,Manufacture of bread; manufacture of fresh pastry goods and cakes,C | 10 | 10.7 | 10.71,MANUFACTURING | Manufacture of food products | Manufacture of bakery and farinaceous products | Manufacture of bread; manufacture of fresh pastry goods and cakes,115
4,class,10.72,Manufacture of rusks and biscuits; manufacture of preserved pastry goods and cakes,class:10.72,group:10.7,C,MANUFACTURING,10,Manufacture of food products,10.7,Manufacture of bakery and farinaceous products,10.72,Manufacture of rusks and biscuits; manufacture of preserved pastry goods and cakes,C | 10 | 10.7 | 10.72,MANUFACTURING | Manufacture of food products | Manufacture of bakery and farinaceous products | Manufacture of rusks and biscuits; manufacture of preserved pastry goods and cakes,116
4,class,10.73,"Manufacture of macaroni, noodles, couscous and similar farinaceous products",class:10.73,group:10.7,C,MANUFACTURING,10,Manufacture of food products,10.7,Manufacture of bakery and farinaceous products,10.73,"Manufacture of macaroni, noodles, couscous and similar farinaceous products",C | 10 | 10.7 | 10.73,"MANUFACTURING | Manufacture of food products | Manufacture of bakery and farinaceous products | Manufacture of macaroni, noodles, couscous and similar farinaceous products",117
3,group,10.8,Manufacture of other food products,group:10.8,division:10,C,MANUFACTURING,10,Manufacture of food products,10.8,Manufacture of other food products,,,C | 10 | 10.8,MANUFACTURING | Manufacture of food products | Manufacture of other food products,118
4,class,10.81,Manufacture of sugar,class:10.81,group:10.8,C,MANUFACTURING,10,Manufacture of food products,10.8,Manufacture of other food products,10.81,Manufacture of sugar,C | 10 | 10.8 | 10.81,MANUFACTURING | Manufacture of food products | Manufacture of other food products | Manufacture of sugar,119
4,class,10.82,"Manufacture of cocoa, chocolate and sugar confectionery",class:10.82,group:10.8,C,MANUFACTURING,10,Manufacture of food products,10.8,Manufacture of other food products,10.82,"Manufacture of cocoa, chocolate and sugar confectionery",C | 10 | 10.8 | 10.82,"MANUFACTURING | Manufacture of food products | Manufacture of other food products | Manufacture of cocoa, chocolate and sugar confectionery",120
4,class,10.83,Processing of tea and coffee,class:10.83,group:10.8,C,MANUFACTURING,10,Manufacture of food products,10.8,Manufacture of other food products,10.83,Processing of tea and coffee,C | 10 | 10.8 | 10.83,MANUFACTURING | Manufacture of food products | Manufacture of other food products | Processing of tea and coffee,121
4,class,10.84,Manufacture of condiments and seasonings,class:10.84,group:10.8,C,MANUFACTURING,10,Manufacture of food products,10.8,Manufacture of other food products,10.84,Manufacture of condiments and seasonings,C | 10 | 10.8 | 10.84,MANUFACTURING | Manufacture of food products | Manufacture of other food products | Manufacture of condiments and seasonings,122
4,class,10.85,Manufacture of prepared meals and dishes,class:10.85,group:10.8,C,MANUFACTURING,10,Manufacture of food products,10.8,Manufacture of other food products,10.85,Manufacture of prepared meals and dishes,C | 10 | 10.8 | 10.85,MANUFACTURING | Manufacture of food products | Manufacture of other food products | Manufacture of prepared meals and dishes,123
4,class,10.86,Manufacture of homogenised food preparations and dietetic food,class:10.86,group:10.8,C,MANUFACTURING,10,Manufacture of food products,10.8,Manufacture of other food products,10.86,Manufacture of homogenised food preparations and dietetic food,C | 10 | 10.8 | 10.86,MANUFACTURING | Manufacture of food products | Manufacture of other food products | Manufacture of homogenised food preparations and dietetic food,124
4,class,10.89,Manufacture of other food products n.e.c.,class:10.89,group:10.8,C,MANUFACTURING,10,Manufacture of food products,10.8,Manufacture of other food products,10.89,Manufacture of other food products n.e.c.,C | 10 | 10.8 | 10.89,MANUFACTURING | Manufacture of food products | Manufacture of other food products | Manufacture of other food products n.e.c.,125
3,group,10.9,Manufacture of prepared animal feeds,group:10.9,division:10,C,MANUFACTURING,10,Manufacture of food products,10.9,Manufacture of prepared animal feeds,,,C | 10 | 10.9,MANUFACTURING | Manufacture of food products | Manufacture of prepared animal feeds,126
4,class,10.91,Manufacture of prepared feeds for farm animals,class:10.91,group:10.9,C,MANUFACTURING,10,Manufacture of food products,10.9,Manufacture of prepared animal feeds,10.91,Manufacture of prepared feeds for farm animals,C | 10 | 10.9 | 10.91,MANUFACTURING | Manufacture of food products | Manufacture of prepared animal feeds | Manufacture of prepared feeds for farm animals,127
4,class,10.92,Manufacture of prepared pet foods,class:10.92,group:10.9,C,MANUFACTURING,10,Manufacture of food products,10.9,Manufacture of prepared animal feeds,10.92,Manufacture of prepared pet foods,C | 10 | 10.9 | 10.92,MANUFACTURING | Manufacture of food products | Manufacture of prepared animal feeds | Manufacture of prepared pet foods,128
2,division,11,Manufacture of beverages,division:11,section:C,C,MANUFACTURING,11,Manufacture of beverages,,,,,C | 11,MANUFACTURING | Manufacture of beverages,129
3,group,11.0,Manufacture of beverages,group:11.0,division:11,C,MANUFACTURING,11,Manufacture of beverages,11.0,Manufacture of beverages,,,C | 11 | 11.0,MANUFACTURING | Manufacture of beverages | Manufacture of beverages,130
4,class,11.01,"Distilling, rectifying and blending of spirits",class:11.01,group:11.0,C,MANUFACTURING,11,Manufacture of beverages,11.0,Manufacture of beverages,11.01,"Distilling, rectifying and blending of spirits",C | 11 | 11.0 | 11.01,"MANUFACTURING | Manufacture of beverages | Manufacture of beverages | Distilling, rectifying and blending of spirits",131
4,class,11.02,Manufacture of wine from grape,class:11.02,group:11.0,C,MANUFACTURING,11,Manufacture of beverages,11.0,Manufacture of beverages,11.02,Manufacture of wine from grape,C | 11 | 11.0 | 11.02,MANUFACTURING | Manufacture of beverages | Manufacture of beverages | Manufacture of wine from grape,132
4,class,11.03,Manufacture of cider and other fruit wines,class:11.03,group:11.0,C,MANUFACTURING,11,Manufacture of beverages,11.0,Manufacture of beverages,11.03,Manufacture of cider and other fruit wines,C | 11 | 11.0 | 11.03,MANUFACTURING | Manufacture of beverages | Manufacture of beverages | Manufacture of cider and other fruit wines,133
4,class,11.04,Manufacture of other non-distilled fermented beverages,class:11.04,group:11.0,C,MANUFACTURING,11,Manufacture of beverages,11.0,Manufacture of beverages,11.04,Manufacture of other non-distilled fermented beverages,C | 11 | 11.0 | 11.04,MANUFACTURING | Manufacture of beverages | Manufacture of beverages | Manufacture of other non-distilled fermented beverages,134
4,class,11.05,Manufacture of beer,class:11.05,group:11.0,C,MANUFACTURING,11,Manufacture of beverages,11.0,Manufacture of beverages,11.05,Manufacture of beer,C | 11 | 11.0 | 11.05,MANUFACTURING | Manufacture of beverages | Manufacture of beverages | Manufacture of beer,135
4,class,11.06,Manufacture of malt,class:11.06,group:11.0,C,MANUFACTURING,11,Manufacture of beverages,11.0,Manufacture of beverages,11.06,Manufacture of malt,C | 11 | 11.0 | 11.06,MANUFACTURING | Manufacture of beverages | Manufacture of beverages | Manufacture of malt,136
4,class,11.07,Manufacture of soft drinks; production of mineral waters and other bottled waters,class:11.07,group:11.0,C,MANUFACTURING,11,Manufacture of beverages,11.0,Manufacture of beverages,11.07,Manufacture of soft drinks; production of mineral waters and other bottled waters,C | 11 | 11.0 | 11.07,MANUFACTURING | Manufacture of beverages | Manufacture of beverages | Manufacture of soft drinks; production of mineral waters and other bottled waters,137
2,division,12,Manufacture of tobacco products,division:12,section:C,C,MANUFACTURING,12,Manufacture of tobacco products,,,,,C | 12,MANUFACTURING | Manufacture of tobacco products,138
3,group,12.0,Manufacture of tobacco products,group:12.0,division:12,C,MANUFACTURING,12,Manufacture of tobacco products,12.0,Manufacture of tobacco products,,,C | 12 | 12.0,MANUFACTURING | Manufacture of tobacco products | Manufacture of tobacco products,139
4,class,12.00,Manufacture of tobacco products,class:12.00,group:12.0,C,MANUFACTURING,12,Manufacture of tobacco products,12.0,Manufacture of tobacco products,12.00,Manufacture of tobacco products,C | 12 | 12.0 | 12.00,MANUFACTURING | Manufacture of tobacco products | Manufacture of tobacco products | Manufacture of tobacco products,140
2,division,13,Manufacture of textiles,division:13,section:C,C,MANUFACTURING,13,Manufacture of textiles,,,,,C | 13,MANUFACTURING | Manufacture of textiles,141
3,group,13.1,Preparation and spinning of textile fibres,group:13.1,division:13,C,MANUFACTURING,13,Manufacture of textiles,13.1,Preparation and spinning of textile fibres,,,C | 13 | 13.1,MANUFACTURING | Manufacture of textiles | Preparation and spinning of textile fibres,142
4,class,13.10,Preparation and spinning of textile fibres,class:13.10,group:13.1,C,MANUFACTURING,13,Manufacture of textiles,13.1,Preparation and spinning of textile fibres,13.10,Preparation and spinning of textile fibres,C | 13 | 13.1 | 13.10,MANUFACTURING | Manufacture of textiles | Preparation and spinning of textile fibres | Preparation and spinning of textile fibres,143
3,group,13.2,Weaving of textiles,group:13.2,division:13,C,MANUFACTURING,13,Manufacture of textiles,13.2,Weaving of textiles,,,C | 13 | 13.2,MANUFACTURING | Manufacture of textiles | Weaving of textiles,144
4,class,13.20,Weaving of textiles,class:13.20,group:13.2,C,MANUFACTURING,13,Manufacture of textiles,13.2,Weaving of textiles,13.20,Weaving of textiles,C | 13 | 13.2 | 13.20,MANUFACTURING | Manufacture of textiles | Weaving of textiles | Weaving of textiles,145
3,group,13.3,Finishing of textiles,group:13.3,division:13,C,MANUFACTURING,13,Manufacture of textiles,13.3,Finishing of textiles,,,C | 13 | 13.3,MANUFACTURING | Manufacture of textiles | Finishing of textiles,146
4,class,13.30,Finishing of textiles,class:13.30,group:13.3,C,MANUFACTURING,13,Manufacture of textiles,13.3,Finishing of textiles,13.30,Finishing of textiles,C | 13 | 13.3 | 13.30,MANUFACTURING | Manufacture of textiles | Finishing of textiles | Finishing of textiles,147
3,group,13.9,Manufacture of other textiles,group:13.9,division:13,C,MANUFACTURING,13,Manufacture of textiles,13.9,Manufacture of other textiles,,,C | 13 | 13.9,MANUFACTURING | Manufacture of textiles | Manufacture of other textiles,148
4,class,13.91,Manufacture of knitted and crocheted fabrics,class:13.91,group:13.9,C,MANUFACTURING,13,Manufacture of textiles,13.9,Manufacture of other textiles,13.91,Manufacture of knitted and crocheted fabrics,C | 13 | 13.9 | 13.91,MANUFACTURING | Manufacture of textiles | Manufacture of other textiles | Manufacture of knitted and crocheted fabrics,149
4,class,13.92,"Manufacture of made-up textile articles, except apparel",class:13.92,group:13.9,C,MANUFACTURING,13,Manufacture of textiles,13.9,Manufacture of other textiles,13.92,"Manufacture of made-up textile articles, except apparel",C | 13 | 13.9 | 13.92,"MANUFACTURING | Manufacture of textiles | Manufacture of other textiles | Manufacture of made-up textile articles, except apparel",150
4,class,13.93,Manufacture of carpets and rugs,class:13.93,group:13.9,C,MANUFACTURING,13,Manufacture of textiles,13.9,Manufacture of other textiles,13.93,Manufacture of carpets and rugs,C | 13 | 13.9 | 13.93,MANUFACTURING | Manufacture of textiles | Manufacture of other textiles | Manufacture of carpets and rugs,151
4,class,13.94,"Manufacture of cordage, rope, twine and netting",class:13.94,group:13.9,C,MANUFACTURING,13,Manufacture of textiles,13.9,Manufacture of other textiles,13.94,"Manufacture of cordage, rope, twine and netting",C | 13 | 13.9 | 13.94,"MANUFACTURING | Manufacture of textiles | Manufacture of other textiles | Manufacture of cordage, rope, twine and netting",152
4,class,13.95,"Manufacture of non-wovens and articles made from non-wovens, except apparel",class:13.95,group:13.9,C,MANUFACTURING,13,Manufacture of textiles,13.9,Manufacture of other textiles,13.95,"Manufacture of non-wovens and articles made from non-wovens, except apparel",C | 13 | 13.9 | 13.95,"MANUFACTURING | Manufacture of textiles | Manufacture of other textiles | Manufacture of non-wovens and articles made from non-wovens, except apparel",153
4,class,13.96,Manufacture of other technical and industrial textiles,class:13.96,group:13.9,C,MANUFACTURING,13,Manufacture of textiles,13.9,Manufacture of other textiles,13.96,Manufacture of other technical and industrial textiles,C | 13 | 13.9 | 13.96,MANUFACTURING | Manufacture of textiles | Manufacture of other textiles | Manufacture of other technical and industrial textiles,154
4,class,13.99,Manufacture of other textiles n.e.c.,class:13.99,group:13.9,C,MANUFACTURING,13,Manufacture of textiles,13.9,Manufacture of other textiles,13.99,Manufacture of other textiles n.e.c.,C | 13 | 13.9 | 13.99,MANUFACTURING | Manufacture of textiles | Manufacture of other textiles | Manufacture of other textiles n.e.c.,155
2,division,14,Manufacture of wearing apparel,division:14,section:C,C,MANUFACTURING,14,Manufacture of wearing apparel,,,,,C | 14,MANUFACTURING | Manufacture of wearing apparel,156
3,group,14.1,"Manufacture of wearing apparel, except fur apparel",group:14.1,division:14,C,MANUFACTURING,14,Manufacture of wearing apparel,14.1,"Manufacture of wearing apparel, except fur apparel",,,C | 14 | 14.1,"MANUFACTURING | Manufacture of wearing apparel | Manufacture of wearing apparel, except fur apparel",157
4,class,14.11,Manufacture of leather clothes,class:14.11,group:14.1,C,MANUFACTURING,14,Manufacture of wearing apparel,14.1,"Manufacture of wearing apparel, except fur apparel",14.11,Manufacture of leather clothes,C | 14 | 14.1 | 14.11,"MANUFACTURING | Manufacture of wearing apparel | Manufacture of wearing apparel, except fur apparel | Manufacture of leather clothes",158
4,class,14.12,Manufacture of workwear,class:14.12,group:14.1,C,MANUFACTURING,14,Manufacture of wearing apparel,14.1,"Manufacture of wearing apparel, except fur apparel",14.12,Manufacture of workwear,C | 14 | 14.1 | 14.12,"MANUFACTURING | Manufacture of wearing apparel | Manufacture of wearing apparel, except fur apparel | Manufacture of workwear",159
4,class,14.13,Manufacture of other outerwear,class:14.13,group:14.1,C,MANUFACTURING,14,Manufacture of wearing apparel,14.1,"Manufacture of wearing apparel, except fur apparel",14.13,Manufacture of other outerwear,C | 14 | 14.1 | 14.13,"MANUFACTURING | Manufacture of wearing apparel | Manufacture of wearing apparel, except fur apparel | Manufacture of other outerwear",160
4,class,14.14,Manufacture of underwear,class:14.14,group:14.1,C,MANUFACTURING,14,Manufacture of wearing apparel,14.1,"Manufacture of wearing apparel, except fur apparel",14.14,Manufacture of underwear,C | 14 | 14.1 | 14.14,"MANUFACTURING | Manufacture of wearing apparel | Manufacture of wearing apparel, except fur apparel | Manufacture of underwear",161
4,class,14.19,Manufacture of other wearing apparel and accessories,class:14.19,group:14.1,C,MANUFACTURING,14,Manufacture of wearing apparel,14.1,"Manufacture of wearing apparel, except fur apparel",14.19,Manufacture of other wearing apparel and accessories,C | 14 | 14.1 | 14.19,"MANUFACTURING | Manufacture of wearing apparel | Manufacture of wearing apparel, except fur apparel | Manufacture of other wearing apparel and accessories",162
3,group,14.2,Manufacture of articles of fur,group:14.2,division:14,C,MANUFACTURING,14,Manufacture of wearing apparel,14.2,Manufacture of articles of fur,,,C | 14 | 14.2,MANUFACTURING | Manufacture of wearing apparel | Manufacture of articles of fur,163
4,class,14.20,Manufacture of articles of fur,class:14.20,group:14.2,C,MANUFACTURING,14,Manufacture of wearing apparel,14.2,Manufacture of articles of fur,14.20,Manufacture of articles of fur,C | 14 | 14.2 | 14.20,MANUFACTURING | Manufacture of wearing apparel | Manufacture of articles of fur | Manufacture of articles of fur,164
3,group,14.3,Manufacture of knitted and crocheted apparel,group:14.3,division:14,C,MANUFACTURING,14,Manufacture of wearing apparel,14.3,Manufacture of knitted and crocheted apparel,,,C | 14 | 14.3,MANUFACTURING | Manufacture of wearing apparel | Manufacture of knitted and crocheted apparel,165
4,class,14.31,Manufacture of knitted and crocheted hosiery,class:14.31,group:14.3,C,MANUFACTURING,14,Manufacture of wearing apparel,14.3,Manufacture of knitted and crocheted apparel,14.31,Manufacture of knitted and crocheted hosiery,C | 14 | 14.3 | 14.31,MANUFACTURING | Manufacture of wearing apparel | Manufacture of knitted and crocheted apparel | Manufacture of knitted and crocheted hosiery,166
4,class,14.39,Manufacture of other knitted and crocheted apparel,class:14.39,group:14.3,C,MANUFACTURING,14,Manufacture of wearing apparel,14.3,Manufacture of knitted and crocheted apparel,14.39,Manufacture of other knitted and crocheted apparel,C | 14 | 14.3 | 14.39,MANUFACTURING | Manufacture of wearing apparel | Manufacture of knitted and crocheted apparel | Manufacture of other knitted and crocheted apparel,167
2,division,15,Manufacture of leather and related products,division:15,section:C,C,MANUFACTURING,15,Manufacture of leather and related products,,,,,C | 15,MANUFACTURING | Manufacture of leather and related products,168
3,group,15.1,"Tanning and dressing of leather; manufacture of luggage, handbags, saddlery and harness; dressing and dyeing of fur",group:15.1,division:15,C,MANUFACTURING,15,Manufacture of leather and related products,15.1,"Tanning and dressing of leather; manufacture of luggage, handbags, saddlery and harness; dressing and dyeing of fur",,,C | 15 | 15.1,"MANUFACTURING | Manufacture of leather and related products | Tanning and dressing of leather; manufacture of luggage, handbags, saddlery and harness; dressing and dyeing of fur",169
4,class,15.11,Tanning and dressing of leather; dressing and dyeing of fur,class:15.11,group:15.1,C,MANUFACTURING,15,Manufacture of leather and related products,15.1,"Tanning and dressing of leather; manufacture of luggage, handbags, saddlery and harness; dressing and dyeing of fur",15.11,Tanning and dressing of leather; dressing and dyeing of fur,C | 15 | 15.1 | 15.11,"MANUFACTURING | Manufacture of leather and related products | Tanning and dressing of leather; manufacture of luggage, handbags, saddlery and harness; dressing and dyeing of fur | Tanning and dressing of leather; dressing and dyeing of fur",170
4,class,15.12,"Manufacture of luggage, handbags and the like, saddlery and harness",class:15.12,group:15.1,C,MANUFACTURING,15,Manufacture of leather and related products,15.1,"Tanning and dressing of leather; manufacture of luggage, handbags, saddlery and harness; dressing and dyeing of fur",15.12,"Manufacture of luggage, handbags and the like, saddlery and harness",C | 15 | 15.1 | 15.12,"MANUFACTURING | Manufacture of leather and related products | Tanning and dressing of leather; manufacture of luggage, handbags, saddlery and harness; dressing and dyeing of fur | Manufacture of luggage, handbags and the like, saddlery and harness",171
3,group,15.2,Manufacture of footwear,group:15.2,division:15,C,MANUFACTURING,15,Manufacture of leather and related products,15.2,Manufacture of footwear,,,C | 15 | 15.2,MANUFACTURING | Manufacture of leather and related products | Manufacture of footwear,172
4,class,15.20,Manufacture of footwear,class:15.20,group:15.2,C,MANUFACTURING,15,Manufacture of leather and related products,15.2,Manufacture of footwear,15.20,Manufacture of footwear,C | 15 | 15.2 | 15.20,MANUFACTURING | Manufacture of leather and related products | Manufacture of footwear | Manufacture of footwear,173
2,division,16,"Manufacture of wood and of products of wood and cork, except furniture; manufacture of articles of straw and plaiting materials",division:16,section:C,C,MANUFACTURING,16,"Manufacture of wood and of products of wood and cork, except furniture; manufacture of articles of straw and plaiting materials",,,,,C | 16,"MANUFACTURING | Manufacture of wood and of products of wood and cork, except furniture; manufacture of articles of straw and plaiting materials",174
3,group,16.1,Sawmilling and planing of wood,group:16.1,division:16,C,MANUFACTURING,16,"Manufacture of wood and of products of wood and cork, except furniture; manufacture of articles of straw and plaiting materials",16.1,Sawmilling and planing of wood,,,C | 16 | 16.1,"MANUFACTURING | Manufacture of wood and of products of wood and cork, except furniture; manufacture of articles of straw and plaiting materials | Sawmilling and planing of wood",175
4,class,16.10,Sawmilling and planing of wood,class:16.10,group:16.1,C,MANUFACTURING,16,"Manufacture of wood and of products of wood and cork, except furniture; manufacture of articles of straw and plaiting materials",16.1,Sawmilling and planing of wood,16.10,Sawmilling and planing of wood,C | 16 | 16.1 | 16.10,"MANUFACTURING | Manufacture of wood and of products of wood and cork, except furniture; manufacture of articles of straw and plaiting materials | Sawmilling and planing of wood | Sawmilling and planing of wood",176
3,group,16.2,"Manufacture of products of wood, cork, straw and plaiting materials",group:16.2,division:16,C,MANUFACTURING,16,"Manufacture of wood and of products of wood and cork, except furniture; manufacture of articles of straw and plaiting materials",16.2,"Manufacture of products of wood, cork, straw and plaiting materials",,,C | 16 | 16.2,"MANUFACTURING | Manufacture of wood and of products of wood and cork, except furniture; manufacture of articles of straw and plaiting materials | Manufacture of products of wood, cork, straw and plaiting materials",177
4,class,16.21,Manufacture of veneer sheets and wood-based panels,class:16.21,group:16.2,C,MANUFACTURING,16,"Manufacture of wood and of products of wood and cork, except furniture; manufacture of articles of straw and plaiting materials",16.2,"Manufacture of products of wood, cork, straw and plaiting materials",16.21,Manufacture of veneer sheets and wood-based panels,C | 16 | 16.2 | 16.21,"MANUFACTURING | Manufacture of wood and of products of wood and cork, except furniture; manufacture of articles of straw and plaiting materials | Manufacture of products of wood, cork, straw and plaiting materials | Manufacture of veneer sheets and wood-based panels",178
4,class,16.22,Manufacture of assembled parquet floors,class:16.22,group:16.2,C,MANUFACTURING,16,"Manufacture of wood and of products of wood and cork, except furniture; manufacture of articles of straw and plaiting materials",16.2,"Manufacture of products of wood, cork, straw and plaiting materials",16.22,Manufacture of assembled parquet floors,C | 16 | 16.2 | 16.22,"MANUFACTURING | Manufacture of wood and of products of wood and cork, except furniture; manufacture of articles of straw and plaiting materials | Manufacture of products of wood, cork, straw and plaiting materials | Manufacture of assembled parquet floors",179
4,class,16.23,Manufacture of other builders' carpentry and joinery,class:16.23,group:16.2,C,MANUFACTURING,16,"Manufacture of wood and of products of wood and cork, except furniture; manufacture of articles of straw and plaiting materials",16.2,"Manufacture of products of wood, cork, straw and plaiting materials",16.23,Manufacture of other builders' carpentry and joinery,C | 16 | 16.2 | 16.23,"MANUFACTURING | Manufacture of wood and of products of wood and cork, except furniture; manufacture of articles of straw and plaiting materials | Manufacture of products of wood, cork, straw and plaiting materials | Manufacture of other builders' carpentry and joinery",180
4,class,16.24,Manufacture of wooden containers,class:16.24,group:16.2,C,MANUFACTURING,16,"Manufacture of wood and of products of wood and cork, except furniture; manufacture of articles of straw and plaiting materials",16.2,"Manufacture of products of wood, cork, straw and plaiting materials",16.24,Manufacture of wooden containers,C | 16 | 16.2 | 16.24,"MANUFACTURING | Manufacture of wood and of products of wood and cork, except furniture; manufacture of articles of straw and plaiting materials | Manufacture of products of wood, cork, straw and plaiting materials | Manufacture of wooden containers",181
4,class,16.29,"Manufacture of other products of wood; manufacture of articles of cork, straw and plaiting materials",class:16.29,group:16.2,C,MANUFACTURING,16,"Manufacture of wood and of products of wood and cork, except furniture; manufacture of articles of straw and plaiting materials",16.2,"Manufacture of products of wood, cork, straw and plaiting materials",16.29,"Manufacture of other products of wood; manufacture of articles of cork, straw and plaiting materials",C | 16 | 16.2 | 16.29,"MANUFACTURING | Manufacture of wood and of products of wood and cork, except furniture; manufacture of articles of straw and plaiting materials | Manufacture of products of wood, cork, straw and plaiting materials | Manufacture of other products of wood; manufacture of articles of cork, straw and plaiting materials",182
2,division,17,Manufacture of paper and paper products,division:17,section:C,C,MANUFACTURING,17,Manufacture of paper and paper products,,,,,C | 17,MANUFACTURING | Manufacture of paper and paper products,183
3,group,17.1,"Manufacture of pulp, paper and paperboard",group:17.1,division:17,C,MANUFACTURING,17,Manufacture of paper and paper products,17.1,"Manufacture of pulp, paper and paperboard",,,C | 17 | 17.1,"MANUFACTURING | Manufacture of paper and paper products | Manufacture of pulp, paper and paperboard",184
4,class,17.11,Manufacture of pulp,class:17.11,group:17.1,C,MANUFACTURING,17,Manufacture of paper and paper products,17.1,"Manufacture of pulp, paper and paperboard",17.11,Manufacture of pulp,C | 17 | 17.1 | 17.11,"MANUFACTURING | Manufacture of paper and paper products | Manufacture of pulp, paper and paperboard | Manufacture of pulp",185
4,class,17.12,Manufacture of paper and paperboard,class:17.12,group:17.1,C,MANUFACTURING,17,Manufacture of paper and paper products,17.1,"Manufacture of pulp, paper and paperboard",17.12,Manufacture of paper and paperboard,C | 17 | 17.1 | 17.12,"MANUFACTURING | Manufacture of paper and paper products | Manufacture of pulp, paper and paperboard | Manufacture of paper and paperboard",186
3,group,17.2,Manufacture of articles of paper and paperboard,group:17.2,division:17,C,MANUFACTURING,17,Manufacture of paper and paper products,17.2,Manufacture of articles of paper and paperboard,,,C | 17 | 17.2,MANUFACTURING | Manufacture of paper and paper products | Manufacture of articles of paper and paperboard,187
4,class,17.21,Manufacture of corrugated paper and paperboard and of containers of paper and paperboard,class:17.21,group:17.2,C,MANUFACTURING,17,Manufacture of paper and paper products,17.2,Manufacture of articles of paper and paperboard,17.21,Manufacture of corrugated paper and paperboard and of containers of paper and paperboard,C | 17 | 17.2 | 17.21,MANUFACTURING | Manufacture of paper and paper products | Manufacture of articles of paper and paperboard | Manufacture of corrugated paper and paperboard and of containers of paper and paperboard,188
4,class,17.22,Manufacture of household and sanitary goods and of toilet requisites,class:17.22,group:17.2,C,MANUFACTURING,17,Manufacture of paper and paper products,17.2,Manufacture of articles of paper and paperboard,17.22,Manufacture of household and sanitary goods and of toilet requisites,C | 17 | 17.2 | 17.22,MANUFACTURING | Manufacture of paper and paper products | Manufacture of articles of paper and paperboard | Manufacture of household and sanitary goods and of toilet requisites,189
4,class,17.23,Manufacture of paper stationery,class:17.23,group:17.2,C,MANUFACTURING,17,Manufacture of paper and paper products,17.2,Manufacture of articles of paper and paperboard,17.23,Manufacture of paper stationery,C | 17 | 17.2 | 17.23,MANUFACTURING | Manufacture of paper and paper products | Manufacture of articles of paper and paperboard | Manufacture of paper stationery,190
4,class,17.24,Manufacture of wallpaper,class:17.24,group:17.2,C,MANUFACTURING,17,Manufacture of paper and paper products,17.2,Manufacture of articles of paper and paperboard,17.24,Manufacture of wallpaper,C | 17 | 17.2 | 17.24,MANUFACTURING | Manufacture of paper and paper products | Manufacture of articles of paper and paperboard | Manufacture of wallpaper,191
4,class,17.29,Manufacture of other articles of paper and paperboard,class:17.29,group:17.2,C,MANUFACTURING,17,Manufacture of paper and paper products,17.2,Manufacture of articles of paper and paperboard,17.29,Manufacture of other articles of paper and paperboard,C | 17 | 17.2 | 17.29,MANUFACTURING | Manufacture of paper and paper products | Manufacture of articles of paper and paperboard | Manufacture of other articles of paper and paperboard,192
2,division,18,Printing and reproduction of recorded media,division:18,section:C,C,MANUFACTURING,18,Printing and reproduction of recorded media,,,,,C | 18,MANUFACTURING | Printing and reproduction of recorded media,193
3,group,18.1,Printing and service activities related to printing,group:18.1,division:18,C,MANUFACTURING,18,Printing and reproduction of recorded media,18.1,Printing and service activities related to printing,,,C | 18 | 18.1,MANUFACTURING | Printing and reproduction of recorded media | Printing and service activities related to printing,194
4,class,18.11,Printing of newspapers,class:18.11,group:18.1,C,MANUFACTURING,18,Printing and reproduction of recorded media,18.1,Printing and service activities related to printing,18.11,Printing of newspapers,C | 18 | 18.1 | 18.11,MANUFACTURING | Printing and reproduction of recorded media | Printing and service activities related to printing | Printing of newspapers,195
4,class,18.12,Other printing,class:18.12,group:18.1,C,MANUFACTURING,18,Printing and reproduction of recorded media,18.1,Printing and service activities related to printing,18.12,Other printing,C | 18 | 18.1 | 18.12,MANUFACTURING | Printing and reproduction of recorded media | Printing and service activities related to printing | Other printing,196
4,class,18.13,Pre-press and pre-media services,class:18.13,group:18.1,C,MANUFACTURING,18,Printing and reproduction of recorded media,18.1,Printing and service activities related to printing,18.13,Pre-press and pre-media services,C | 18 | 18.1 | 18.13,MANUFACTURING | Printing and reproduction of recorded media | Printing and service activities related to printing | Pre-press and pre-media services,197
4,class,18.14,Binding and related services,class:18.14,group:18.1,C,MANUFACTURING,18,Printing and reproduction of recorded media,18.1,Printing and service activities related to printing,18.14,Binding and related services,C | 18 | 18.1 | 18.14,MANUFACTURING | Printing and reproduction of recorded media | Printing and service activities related to printing | Binding and related services,198
3,group,18.2,Reproduction of recorded media,group:18.2,division:18,C,MANUFACTURING,18,Printing and reproduction of recorded media,18.2,Reproduction of recorded media,,,C | 18 | 18.2,MANUFACTURING | Printing and reproduction of recorded media | Reproduction of recorded media,199
4,class,18.20,Reproduction of recorded media,class:18.20,group:18.2,C,MANUFACTURING,18,Printing and reproduction of recorded media,18.2,Reproduction of recorded media,18.20,Reproduction of recorded media,C | 18 | 18.2 | 18.20,MANUFACTURING | Printing and reproduction of recorded media | Reproduction of recorded media | Reproduction of recorded media,200
2,division,19,Manufacture of coke and refined petroleum products,division:19,section:C,C,MANUFACTURING,19,Manufacture of coke and refined petroleum products,,,,,C | 19,MANUFACTURING | Manufacture of coke and refined petroleum products,201
3,group,19.1,Manufacture of coke oven products,group:19.1,division:19,C,MANUFACTURING,19,Manufacture of coke and refined petroleum products,19.1,Manufacture of coke oven products,,,C | 19 | 19.1,MANUFACTURING | Manufacture of coke and refined petroleum products | Manufacture of coke oven products,202
4,class,19.10,Manufacture of coke oven products,class:19.10,group:19.1,C,MANUFACTURING,19,Manufacture of coke and refined petroleum products,19.1,Manufacture of coke oven products,19.10,Manufacture of coke oven products,C | 19 | 19.1 | 19.10,MANUFACTURING | Manufacture of coke and refined petroleum products | Manufacture of coke oven products | Manufacture of coke oven products,203
3,group,19.2,Manufacture of refined petroleum products,group:19.2,division:19,C,MANUFACTURING,19,Manufacture of coke and refined petroleum products,19.2,Manufacture of refined petroleum products,,,C | 19 | 19.2,MANUFACTURING | Manufacture of coke and refined petroleum products | Manufacture of refined petroleum products,204
4,class,19.20,Manufacture of refined petroleum products,class:19.20,group:19.2,C,MANUFACTURING,19,Manufacture of coke and refined petroleum products,19.2,Manufacture of refined petroleum products,19.20,Manufacture of refined petroleum products,C | 19 | 19.2 | 19.20,MANUFACTURING | Manufacture of coke and refined petroleum products | Manufacture of refined petroleum products | Manufacture of refined petroleum products,205
2,division,20,Manufacture of chemicals and chemical products,division:20,section:C,C,MANUFACTURING,20,Manufacture of chemicals and chemical products,,,,,C | 20,MANUFACTURING | Manufacture of chemicals and chemical products,206
3,group,20.1,"Manufacture of basic chemicals, fertilisers and nitrogen compounds, plastics and synthetic rubber in primary forms",group:20.1,division:20,C,MANUFACTURING,20,Manufacture of chemicals and chemical products,20.1,"Manufacture of basic chemicals, fertilisers and nitrogen compounds, plastics and synthetic rubber in primary forms",,,C | 20 | 20.1,"MANUFACTURING | Manufacture of chemicals and chemical products | Manufacture of basic chemicals, fertilisers and nitrogen compounds, plastics and synthetic rubber in primary forms",207
4,class,20.11,Manufacture of industrial gases,class:20.11,group:20.1,C,MANUFACTURING,20,Manufacture of chemicals and chemical products,20.1,"Manufacture of basic chemicals, fertilisers and nitrogen compounds, plastics and synthetic rubber in primary forms",20.11,Manufacture of industrial gases,C | 20 | 20.1 | 20.11,"MANUFACTURING | Manufacture of chemicals and chemical products | Manufacture of basic chemicals, fertilisers and nitrogen compounds, plastics and synthetic rubber in primary forms | Manufacture of industrial gases",208
4,class,20.12,Manufacture of dyes and pigments,class:20.12,group:20.1,C,MANUFACTURING,20,Manufacture of chemicals and chemical products,20.1,"Manufacture of basic chemicals, fertilisers and nitrogen compounds, plastics and synthetic rubber in primary forms",20.12,Manufacture of dyes and pigments,C | 20 | 20.1 | 20.12,"MANUFACTURING | Manufacture of chemicals and chemical products | Manufacture of basic chemicals, fertilisers and nitrogen compounds, plastics and synthetic rubber in primary forms | Manufacture of dyes and pigments",209
4,class,20.13,Manufacture of other inorganic basic chemicals,class:20.13,group:20.1,C,MANUFACTURING,20,Manufacture of chemicals and chemical products,20.1,"Manufacture of basic chemicals, fertilisers and nitrogen compounds, plastics and synthetic rubber in primary forms",20.13,Manufacture of other inorganic basic chemicals,C | 20 | 20.1 | 20.13,"MANUFACTURING | Manufacture of chemicals and chemical products | Manufacture of basic chemicals, fertilisers and nitrogen compounds, plastics and synthetic rubber in primary forms | Manufacture of other inorganic basic chemicals",210
4,class,20.14,Manufacture of other organic basic chemicals,class:20.14,group:20.1,C,MANUFACTURING,20,Manufacture of chemicals and chemical products,20.1,"Manufacture of basic chemicals, fertilisers and nitrogen compounds, plastics and synthetic rubber in primary forms",20.14,Manufacture of other organic basic chemicals,C | 20 | 20.1 | 20.14,"MANUFACTURING | Manufacture of chemicals and chemical products | Manufacture of basic chemicals, fertilisers and nitrogen compounds, plastics and synthetic rubber in primary forms | Manufacture of other organic basic chemicals",211
4,class,20.15,Manufacture of fertilisers and nitrogen compounds,class:20.15,group:20.1,C,MANUFACTURING,20,Manufacture of chemicals and chemical products,20.1,"Manufacture of basic chemicals, fertilisers and nitrogen compounds, plastics and synthetic rubber in primary forms",20.15,Manufacture of fertilisers and nitrogen compounds,C | 20 | 20.1 | 20.15,"MANUFACTURING | Manufacture of chemicals and chemical products | Manufacture of basic chemicals, fertilisers and nitrogen compounds, plastics and synthetic rubber in primary forms | Manufacture of fertilisers and nitrogen compounds",212
4,class,20.16,Manufacture of plastics in primary forms,class:20.16,group:20.1,C,MANUFACTURING,20,Manufacture of chemicals and chemical products,20.1,"Manufacture of basic chemicals, fertilisers and nitrogen compounds, plastics and synthetic rubber in primary forms",20.16,Manufacture of plastics in primary forms,C | 20 | 20.1 | 20.16,"MANUFACTURING | Manufacture of chemicals and chemical products | Manufacture of basic chemicals, fertilisers and nitrogen compounds, plastics and synthetic rubber in primary forms | Manufacture of plastics in primary forms",213
4,class,20.17,Manufacture of synthetic rubber in primary forms,class:20.17,group:20.1,C,MANUFACTURING,20,Manufacture of chemicals and chemical products,20.1,"Manufacture of basic chemicals, fertilisers and nitrogen compounds, plastics and synthetic rubber in primary forms",20.17,Manufacture of synthetic rubber in primary forms,C | 20 | 20.1 | 20.17,"MANUFACTURING | Manufacture of chemicals and chemical products | Manufacture of basic chemicals, fertilisers and nitrogen compounds, plastics and synthetic rubber in primary forms | Manufacture of synthetic rubber in primary forms",214
3,group,20.2,Manufacture of pesticides and other agrochemical products,group:20.2,division:20,C,MANUFACTURING,20,Manufacture of chemicals and chemical products,20.2,Manufacture of pesticides and other agrochemical products,,,C | 20 | 20.2,MANUFACTURING | Manufacture of chemicals and chemical products | Manufacture of pesticides and other agrochemical products,215
4,class,20.20,Manufacture of pesticides and other agrochemical products,class:20.20,group:20.2,C,MANUFACTURING,20,Manufacture of chemicals and chemical products,20.2,Manufacture of pesticides and other agrochemical products,20.20,Manufacture of pesticides and other agrochemical products,C | 20 | 20.2 | 20.20,MANUFACTURING | Manufacture of chemicals and chemical products | Manufacture of pesticides and other agrochemical products | Manufacture of pesticides and other agrochemical products,216
3,group,20.3,"Manufacture of paints, varnishes and similar coatings, printing ink and mastics",group:20.3,division:20,C,MANUFACTURING,20,Manufacture of chemicals and chemical products,20.3,"Manufacture of paints, varnishes and similar coatings, printing ink and mastics",,,C | 20 | 20.3,"MANUFACTURING | Manufacture of chemicals and chemical products | Manufacture of paints, varnishes and similar coatings, printing ink and mastics",217
4,class,20.30,"Manufacture of paints, varnishes and similar coatings, printing ink and mastics",class:20.30,group:20.3,C,MANUFACTURING,20,Manufacture of chemicals and chemical products,20.3,"Manufacture of paints, varnishes and similar coatings, printing ink and mastics",20.30,"Manufacture of paints, varnishes and similar coatings, printing ink and mastics",C | 20 | 20.3 | 20.30,"MANUFACTURING | Manufacture of chemicals and chemical products | Manufacture of paints, varnishes and similar coatings, printing ink and mastics | Manufacture of paints, varnishes and similar coatings, printing ink and mastics",218
3,group,20.4,"Manufacture of soap and detergents, cleaning and polishing preparations, perfumes and toilet preparations",group:20.4,division:20,C,MANUFACTURING,20,Manufacture of chemicals and chemical products,20.4,"Manufacture of soap and detergents, cleaning and polishing preparations, perfumes and toilet preparations",,,C | 20 | 20.4,"MANUFACTURING | Manufacture of chemicals and chemical products | Manufacture of soap and detergents, cleaning and polishing preparations, perfumes and toilet preparations",219
4,class,20.41,"Manufacture of soap and detergents, cleaning and polishing preparations",class:20.41,group:20.4,C,MANUFACTURING,20,Manufacture of chemicals and chemical products,20.4,"Manufacture of soap and detergents, cleaning and polishing preparations, perfumes and toilet preparations",20.41,"Manufacture of soap and detergents, cleaning and polishing preparations",C | 20 | 20.4 | 20.41,"MANUFACTURING | Manufacture of chemicals and chemical products | Manufacture of soap and detergents, cleaning and polishing preparations, perfumes and toilet preparations | Manufacture of soap and detergents, cleaning and polishing preparations",220
4,class,20.42,Manufacture of perfumes and toilet preparations,class:20.42,group:20.4,C,MANUFACTURING,20,Manufacture of chemicals and chemical products,20.4,"Manufacture of soap and detergents, cleaning and polishing preparations, perfumes and toilet preparations",20.42,Manufacture of perfumes and toilet preparations,C | 20 | 20.4 | 20.42,"MANUFACTURING | Manufacture of chemicals and chemical products | Manufacture of soap and detergents, cleaning and polishing preparations, perfumes and toilet preparations | Manufacture of perfumes and toilet preparations",221
3,group,20.5,Manufacture of other chemical products,group:20.5,division:20,C,MANUFACTURING,20,Manufacture of chemicals and chemical products,20.5,Manufacture of other chemical products,,,C | 20 | 20.5,MANUFACTURING | Manufacture of chemicals and chemical products | Manufacture of other chemical products,222
4,class,20.51,Manufacture of explosives,class:20.51,group:20.5,C,MANUFACTURING,20,Manufacture of chemicals and chemical products,20.5,Manufacture of other chemical products,20.51,Manufacture of explosives,C | 20 | 20.5 | 20.51,MANUFACTURING | Manufacture of chemicals and chemical products | Manufacture of other chemical products | Manufacture of explosives,223
4,class,20.52,Manufacture of glues,class:20.52,group:20.5,C,MANUFACTURING,20,Manufacture of chemicals and chemical products,20.5,Manufacture of other chemical products,20.52,Manufacture of glues,C | 20 | 20.5 | 20.52,MANUFACTURING | Manufacture of chemicals and chemical products | Manufacture of other chemical products | Manufacture of glues,224
4,class,20.53,Manufacture of essential oils,class:20.53,group:20.5,C,MANUFACTURING,20,Manufacture of chemicals and chemical products,20.5,Manufacture of other chemical products,20.53,Manufacture of essential oils,C | 20 | 20.5 | 20.53,MANUFACTURING | Manufacture of chemicals and chemical products | Manufacture of other chemical products | Manufacture of essential oils,225
4,class,20.59,Manufacture of other chemical products n.e.c.,class:20.59,group:20.5,C,MANUFACTURING,20,Manufacture of chemicals and chemical products,20.5,Manufacture of other chemical products,20.59,Manufacture of other chemical products n.e.c.,C | 20 | 20.5 | 20.59,MANUFACTURING | Manufacture of chemicals and chemical products | Manufacture of other chemical products | Manufacture of other chemical products n.e.c.,226
3,group,20.6,Manufacture of man-made fibres,group:20.6,division:20,C,MANUFACTURING,20,Manufacture of chemicals and chemical products,20.6,Manufacture of man-made fibres,,,C | 20 | 20.6,MANUFACTURING | Manufacture of chemicals and chemical products | Manufacture of man-made fibres,227
4,class,20.60,Manufacture of man-made fibres,class:20.60,group:20.6,C,MANUFACTURING,20,Manufacture of chemicals and chemical products,20.6,Manufacture of man-made fibres,20.60,Manufacture of man-made fibres,C | 20 | 20.6 | 20.60,MANUFACTURING | Manufacture of chemicals and chemical products | Manufacture of man-made fibres | Manufacture of man-made fibres,228
2,division,21,Manufacture of basic pharmaceutical products and pharmaceutical preparations,division:21,section:C,C,MANUFACTURING,21,Manufacture of basic pharmaceutical products and pharmaceutical preparations,,,,,C | 21,MANUFACTURING | Manufacture of basic pharmaceutical products and pharmaceutical preparations,229
3,group,21.1,Manufacture of basic pharmaceutical products,group:21.1,division:21,C,MANUFACTURING,21,Manufacture of basic pharmaceutical products and pharmaceutical preparations,21.1,Manufacture of basic pharmaceutical products,,,C | 21 | 21.1,MANUFACTURING | Manufacture of basic pharmaceutical products and pharmaceutical preparations | Manufacture of basic pharmaceutical products,230
4,class,21.10,Manufacture of basic pharmaceutical products,class:21.10,group:21.1,C,MANUFACTURING,21,Manufacture of basic pharmaceutical products and pharmaceutical preparations,21.1,Manufacture of basic pharmaceutical products,21.10,Manufacture of basic pharmaceutical products,C | 21 | 21.1 | 21.10,MANUFACTURING | Manufacture of basic pharmaceutical products and pharmaceutical preparations | Manufacture of basic pharmaceutical products | Manufacture of basic pharmaceutical products,231
3,group,21.2,Manufacture of pharmaceutical preparations,group:21.2,division:21,C,MANUFACTURING,21,Manufacture of basic pharmaceutical products and pharmaceutical preparations,21.2,Manufacture of pharmaceutical preparations,,,C | 21 | 21.2,MANUFACTURING | Manufacture of basic pharmaceutical products and pharmaceutical preparations | Manufacture of pharmaceutical preparations,232
4,class,21.20,Manufacture of pharmaceutical preparations,class:21.20,group:21.2,C,MANUFACTURING,21,Manufacture of basic pharmaceutical products and pharmaceutical preparations,21.2,Manufacture of pharmaceutical preparations,21.20,Manufacture of pharmaceutical preparations,C | 21 | 21.2 | 21.20,MANUFACTURING | Manufacture of basic pharmaceutical products and pharmaceutical preparations | Manufacture of pharmaceutical preparations | Manufacture of pharmaceutical preparations,233
2,division,22,Manufacture of rubber and plastic products,division:22,section:C,C,MANUFACTURING,22,Manufacture of rubber and plastic products,,,,,C | 22,MANUFACTURING | Manufacture of rubber and plastic products,234
3,group,22.1,Manufacture of rubber products,group:22.1,division:22,C,MANUFACTURING,22,Manufacture of rubber and plastic products,22.1,Manufacture of rubber products,,,C | 22 | 22.1,MANUFACTURING | Manufacture of rubber and plastic products | Manufacture of rubber products,235
4,class,22.11,Manufacture of rubber tyres and tubes; retreading and rebuilding of rubber tyres,class:22.11,group:22.1,C,MANUFACTURING,22,Manufacture of rubber and plastic products,22.1,Manufacture of rubber products,22.11,Manufacture of rubber tyres and tubes; retreading and rebuilding of rubber tyres,C | 22 | 22.1 | 22.11,MANUFACTURING | Manufacture of rubber and plastic products | Manufacture of rubber products | Manufacture of rubber tyres and tubes; retreading and rebuilding of rubber tyres,236
4,class,22.19,Manufacture of other rubber products,class:22.19,group:22.1,C,MANUFACTURING,22,Manufacture of rubber and plastic products,22.1,Manufacture of rubber products,22.19,Manufacture of other rubber products,C | 22 | 22.1 | 22.19,MANUFACTURING | Manufacture of rubber and plastic products | Manufacture of rubber products | Manufacture of other rubber products,237
3,group,22.2,Manufacture of plastic products,group:22.2,division:22,C,MANUFACTURING,22,Manufacture of rubber and plastic products,22.2,Manufacture of plastic products,,,C | 22 | 22.2,MANUFACTURING | Manufacture of rubber and plastic products | Manufacture of plastic products,238
4,class,22.21,"Manufacture of plastic plates, sheets, tubes and profiles",class:22.21,group:22.2,C,MANUFACTURING,22,Manufacture of rubber and plastic products,22.2,Manufacture of plastic products,22.21,"Manufacture of plastic plates, sheets, tubes and profiles",C | 22 | 22.2 | 22.21,"MANUFACTURING | Manufacture of rubber and plastic products | Manufacture of plastic products | Manufacture of plastic plates, sheets, tubes and profiles",239
4,class,22.22,Manufacture of plastic packing goods,class:22.22,group:22.2,C,MANUFACTURING,22,Manufacture of rubber and plastic products,22.2,Manufacture of plastic products,22.22,Manufacture of plastic packing goods,C | 22 | 22.2 | 22.22,MANUFACTURING | Manufacture of rubber and plastic products | Manufacture of plastic products | Manufacture of plastic packing goods,240
4,class,22.23,Manufacture of builders’ ware of plastic,class:22.23,group:22.2,C,MANUFACTURING,22,Manufacture of rubber and plastic products,22.2,Manufacture of plastic products,22.23,Manufacture of builders’ ware of plastic,C | 22 | 22.2 | 22.23,MANUFACTURING | Manufacture of rubber and plastic products | Manufacture of plastic products | Manufacture of builders’ ware of plastic,241
4,class,22.29,Manufacture of other plastic products,class:22.29,group:22.2,C,MANUFACTURING,22,Manufacture of rubber and plastic products,22.2,Manufacture of plastic products,22.29,Manufacture of other plastic products,C | 22 | 22.2 | 22.29,MANUFACTURING | Manufacture of rubber and plastic products | Manufacture of plastic products | Manufacture of other plastic products,242
2,division,23,Manufacture of other non-metallic mineral products,division:23,section:C,C,MANUFACTURING,23,Manufacture of other non-metallic mineral products,,,,,C | 23,MANUFACTURING | Manufacture of other non-metallic mineral products,243
3,group,23.1,Manufacture of glass and glass products,group:23.1,division:23,C,MANUFACTURING,23,Manufacture of other non-metallic mineral products,23.1,Manufacture of glass and glass products,,,C | 23 | 23.1,MANUFACTURING | Manufacture of other non-metallic mineral products | Manufacture of glass and glass products,244
4,class,23.11,Manufacture of flat glass,class:23.11,group:23.1,C,MANUFACTURING,23,Manufacture of other non-metallic mineral products,23.1,Manufacture of glass and glass products,23.11,Manufacture of flat glass,C | 23 | 23.1 | 23.11,MANUFACTURING | Manufacture of other non-metallic mineral products | Manufacture of glass and glass products | Manufacture of flat glass,245
4,class,23.12,Shaping and processing of flat glass,class:23.12,group:23.1,C,MANUFACTURING,23,Manufacture of other non-metallic mineral products,23.1,Manufacture of glass and glass products,23.12,Shaping and processing of flat glass,C | 23 | 23.1 | 23.12,MANUFACTURING | Manufacture of other non-metallic mineral products | Manufacture of glass and glass products | Shaping and processing of flat glass,246
4,class,23.13,Manufacture of hollow glass,class:23.13,group:23.1,C,MANUFACTURING,23,Manufacture of other non-metallic mineral products,23.1,Manufacture of glass and glass products,23.13,Manufacture of hollow glass,C | 23 | 23.1 | 23.13,MANUFACTURING | Manufacture of other non-metallic mineral products | Manufacture of glass and glass products | Manufacture of hollow glass,247
4,class,23.14,Manufacture of glass fibres,class:23.14,group:23.1,C,MANUFACTURING,23,Manufacture of other non-metallic mineral products,23.1,Manufacture of glass and glass products,23.14,Manufacture of glass fibres,C | 23 | 23.1 | 23.14,MANUFACTURING | Manufacture of other non-metallic mineral products | Manufacture of glass and glass products | Manufacture of glass fibres,248
4,class,23.19,"Manufacture and processing of other glass, including technical glassware",class:23.19,group:23.1,C,MANUFACTURING,23,Manufacture of other non-metallic mineral products,23.1,Manufacture of glass and glass products,23.19,"Manufacture and processing of other glass, including technical glassware",C | 23 | 23.1 | 23.19,"MANUFACTURING | Manufacture of other non-metallic mineral products | Manufacture of glass and glass products | Manufacture and processing of other glass, including technical glassware",249
3,group,23.2,Manufacture of refractory products,group:23.2,division:23,C,MANUFACTURING,23,Manufacture of other non-metallic mineral products,23.2,Manufacture of refractory products,,,C | 23 | 23.2,MANUFACTURING | Manufacture of other non-metallic mineral products | Manufacture of refractory products,250
4,class,23.20,Manufacture of refractory products,class:23.20,group:23.2,C,MANUFACTURING,23,Manufacture of other non-metallic mineral products,23.2,Manufacture of refractory products,23.20,Manufacture of refractory products,C | 23 | 23.2 | 23.20,MANUFACTURING | Manufacture of other non-metallic mineral products | Manufacture of refractory products | Manufacture of refractory products,251
3,group,23.3,Manufacture of clay building materials,group:23.3,division:23,C,MANUFACTURING,23,Manufacture of other non-metallic mineral products,23.3,Manufacture of clay building materials,,,C | 23 | 23.3,MANUFACTURING | Manufacture of other non-metallic mineral products | Manufacture of clay building materials,252
4,class,23.31,Manufacture of ceramic tiles and flags,class:23.31,group:23.3,C,MANUFACTURING,23,Manufacture of other non-metallic mineral products,23.3,Manufacture of clay building materials,23.31,Manufacture of ceramic tiles and flags,C | 23 | 23.3 | 23.31,MANUFACTURING | Manufacture of other non-metallic mineral products | Manufacture of clay building materials | Manufacture of ceramic tiles and flags,253
4,class,23.32,"Manufacture of bricks, tiles and construction products, in baked clay",class:23.32,group:23.3,C,MANUFACTURING,23,Manufacture of other non-metallic mineral products,23.3,Manufacture of clay building materials,23.32,"Manufacture of bricks, tiles and construction products, in baked clay",C | 23 | 23.3 | 23.32,"MANUFACTURING | Manufacture of other non-metallic mineral products | Manufacture of clay building materials | Manufacture of bricks, tiles and construction products, in baked clay",254
3,group,23.4,Manufacture of other porcelain and ceramic products,group:23.4,division:23,C,MANUFACTURING,23,Manufacture of other non-metallic mineral products,23.4,Manufacture of other porcelain and ceramic products,,,C | 23 | 23.4,MANUFACTURING | Manufacture of other non-metallic mineral products | Manufacture of other porcelain and ceramic products,255
4,class,23.41,Manufacture of ceramic household and ornamental articles,class:23.41,group:23.4,C,MANUFACTURING,23,Manufacture of other non-metallic mineral products,23.4,Manufacture of other porcelain and ceramic products,23.41,Manufacture of ceramic household and ornamental articles,C | 23 | 23.4 | 23.41,MANUFACTURING | Manufacture of other non-metallic mineral products | Manufacture of other porcelain and ceramic products | Manufacture of ceramic household and ornamental articles,256
4,class,23.42,Manufacture of ceramic sanitary fixtures,class:23.42,group:23.4,C,MANUFACTURING,23,Manufacture of other non-metallic mineral products,23.4,Manufacture of other porcelain and ceramic products,23.42,Manufacture of ceramic sanitary fixtures,C | 23 | 23.4 | 23.42,MANUFACTURING | Manufacture of other non-metallic mineral products | Manufacture of other porcelain and ceramic products | Manufacture of ceramic sanitary fixtures,257
4,class,23.43,Manufacture of ceramic insulators and insulating fittings,class:23.43,group:23.4,C,MANUFACTURING,23,Manufacture of other non-metallic mineral products,23.4,Manufacture of other porcelain and ceramic products,23.43,Manufacture of ceramic insulators and insulating fittings,C | 23 | 23.4 | 23.43,MANUFACTURING | Manufacture of other non-metallic mineral products | Manufacture of other porcelain and ceramic products | Manufacture of ceramic insulators and insulating fittings,258
4,class,23.44,Manufacture of other technical ceramic products,class:23.44,group:23.4,C,MANUFACTURING,23,Manufacture of other non-metallic mineral products,23.4,Manufacture of other porcelain and ceramic products,23.44,Manufacture of other technical ceramic products,C | 23 | 23.4 | 23.44,MANUFACTURING | Manufacture of other non-metallic mineral products | Manufacture of other porcelain and ceramic products | Manufacture of other technical ceramic products,259
4,class,23.49,Manufacture of other ceramic products,class:23.49,group:23.4,C,MANUFACTURING,23,Manufacture of other non-metallic mineral products,23.4,Manufacture of other porcelain and ceramic products,23.49,Manufacture of other ceramic products,C | 23 | 23.4 | 23.49,MANUFACTURING | Manufacture of other non-metallic mineral products | Manufacture of other porcelain and ceramic products | Manufacture of other ceramic products,260
3,group,23.5,"Manufacture of cement, lime and plaster",group:23.5,division:23,C,MANUFACTURING,23,Manufacture of other non-metallic mineral products,23.5,"Manufacture of cement, lime and plaster",,,C | 23 | 23.5,"MANUFACTURING | Manufacture of other non-metallic mineral products | Manufacture of cement, lime and plaster",261
4,class,23.51,Manufacture of cement,class:23.51,group:23.5,C,MANUFACTURING,23,Manufacture of other non-metallic mineral products,23.5,"Manufacture of cement, lime and plaster",23.51,Manufacture of cement,C | 23 | 23.5 | 23.51,"MANUFACTURING | Manufacture of other non-metallic mineral products | Manufacture of cement, lime and plaster | Manufacture of cement",262
4,class,23.52,Manufacture of lime and plaster,class:23.52,group:23.5,C,MANUFACTURING,23,Manufacture of other non-metallic mineral products,23.5,"Manufacture of cement, lime and plaster",23.52,Manufacture of lime and plaster,C | 23 | 23.5 | 23.52,"MANUFACTURING | Manufacture of other non-metallic mineral products | Manufacture of cement, lime and plaster | Manufacture of lime and plaster",263
3,group,23.6,"Manufacture of articles of concrete, cement and plaster",group:23.6,division:23,C,MANUFACTURING,23,Manufacture of other non-metallic mineral products,23.6,"Manufacture of articles of concrete, cement and plaster",,,C | 23 | 23.6,"MANUFACTURING | Manufacture of other non-metallic mineral products | Manufacture of articles of concrete, cement and plaster",264
4,class,23.61,Manufacture of concrete products for construction purposes,class:23.61,group:23.6,C,MANUFACTURING,23,Manufacture of other non-metallic mineral products,23.6,"Manufacture of articles of concrete, cement and plaster",23.61,Manufacture of concrete products for construction purposes,C | 23 | 23.6 | 23.61,"MANUFACTURING | Manufacture of other non-metallic mineral products | Manufacture of articles of concrete, cement and plaster | Manufacture of concrete products for construction purposes",265
4,class,23.62,Manufacture of plaster products for construction purposes,class:23.62,group:23.6,C,MANUFACTURING,23,Manufacture of other non-metallic mineral products,23.6,"Manufacture of articles of concrete, cement and plaster",23.62,Manufacture of plaster products for construction purposes,C | 23 | 23.6 | 23.62,"MANUFACTURING | Manufacture of other non-metallic mineral products | Manufacture of articles of concrete, cement and plaster | Manufacture of plaster products for construction purposes",266
4,class,23.63,Manufacture of ready-mixed concrete,class:23.63,group:23.6,C,MANUFACTURING,23,Manufacture of other non-metallic mineral products,23.6,"Manufacture of articles of concrete, cement and plaster",23.63,Manufacture of ready-mixed concrete,C | 23 | 23.6 | 23.63,"MANUFACTURING | Manufacture of other non-metallic mineral products | Manufacture of articles of concrete, cement and plaster | Manufacture of ready-mixed concrete",267
4,class,23.64,Manufacture of mortars,class:23.64,group:23.6,C,MANUFACTURING,23,Manufacture of other non-metallic mineral products,23.6,"Manufacture of articles of concrete, cement and plaster",23.64,Manufacture of mortars,C | 23 | 23.6 | 23.64,"MANUFACTURING | Manufacture of other non-metallic mineral products | Manufacture of articles of concrete, cement and plaster | Manufacture of mortars",268
4,class,23.65,Manufacture of fibre cement,class:23.65,group:23.6,C,MANUFACTURING,23,Manufacture of other non-metallic mineral products,23.6,"Manufacture of articles of concrete, cement and plaster",23.65,Manufacture of fibre cement,C | 23 | 23.6 | 23.65,"MANUFACTURING | Manufacture of other non-metallic mineral products | Manufacture of articles of concrete, cement and plaster | Manufacture of fibre cement",269
4,class,23.69,"Manufacture of other articles of concrete, plaster and cement",class:23.69,group:23.6,C,MANUFACTURING,23,Manufacture of other non-metallic mineral products,23.6,"Manufacture of articles of concrete, cement and plaster",23.69,"Manufacture of other articles of concrete, plaster and cement",C | 23 | 23.6 | 23.69,"MANUFACTURING | Manufacture of other non-metallic mineral products | Manufacture of articles of concrete, cement and plaster | Manufacture of other articles of concrete, plaster and cement",270
3,group,23.7,"Cutting, shaping and finishing of stone",group:23.7,division:23,C,MANUFACTURING,23,Manufacture of other non-metallic mineral products,23.7,"Cutting, shaping and finishing of stone",,,C | 23 | 23.7,"MANUFACTURING | Manufacture of other non-metallic mineral products | Cutting, shaping and finishing of stone",271
4,class,23.70,"Cutting, shaping and finishing of stone",class:23.70,group:23.7,C,MANUFACTURING,23,Manufacture of other non-metallic mineral products,23.7,"Cutting, shaping and finishing of stone",23.70,"Cutting, shaping and finishing of stone",C | 23 | 23.7 | 23.70,"MANUFACTURING | Manufacture of other non-metallic mineral products | Cutting, shaping and finishing of stone | Cutting, shaping and finishing of stone",272
3,group,23.9,Manufacture of abrasive products and non-metallic mineral products n.e.c.,group:23.9,division:23,C,MANUFACTURING,23,Manufacture of other non-metallic mineral products,23.9,Manufacture of abrasive products and non-metallic mineral products n.e.c.,,,C | 23 | 23.9,MANUFACTURING | Manufacture of other non-metallic mineral products | Manufacture of abrasive products and non-metallic mineral products n.e.c.,273
4,class,23.91,Production of abrasive products,class:23.91,group:23.9,C,MANUFACTURING,23,Manufacture of other non-metallic mineral products,23.9,Manufacture of abrasive products and non-metallic mineral products n.e.c.,23.91,Production of abrasive products,C | 23 | 23.9 | 23.91,MANUFACTURING | Manufacture of other non-metallic mineral products | Manufacture of abrasive products and non-metallic mineral products n.e.c. | Production of abrasive products,274
4,class,23.99,Manufacture of other non-metallic mineral products n.e.c.,class:23.99,group:23.9,C,MANUFACTURING,23,Manufacture of other non-metallic mineral products,23.9,Manufacture of abrasive products and non-metallic mineral products n.e.c.,23.99,Manufacture of other non-metallic mineral products n.e.c.,C | 23 | 23.9 | 23.99,MANUFACTURING | Manufacture of other non-metallic mineral products | Manufacture of abrasive products and non-metallic mineral products n.e.c. | Manufacture of other non-metallic mineral products n.e.c.,275
2,division,24,Manufacture of basic metals,division:24,section:C,C,MANUFACTURING,24,Manufacture of basic metals,,,,,C | 24,MANUFACTURING | Manufacture of basic metals,276
3,group,24.1,Manufacture of basic iron and steel and of ferro-alloys,group:24.1,division:24,C,MANUFACTURING,24,Manufacture of basic metals,24.1,Manufacture of basic iron and steel and of ferro-alloys,,,C | 24 | 24.1,MANUFACTURING | Manufacture of basic metals | Manufacture of basic iron and steel and of ferro-alloys,277
4,class,24.10,Manufacture of basic iron and steel and of ferro-alloys,class:24.10,group:24.1,C,MANUFACTURING,24,Manufacture of basic metals,24.1,Manufacture of basic iron and steel and of ferro-alloys,24.10,Manufacture of basic iron and steel and of ferro-alloys,C | 24 | 24.1 | 24.10,MANUFACTURING | Manufacture of basic metals | Manufacture of basic iron and steel and of ferro-alloys | Manufacture of basic iron and steel and of ferro-alloys,278
3,group,24.2,"Manufacture of tubes, pipes, hollow profiles and related fittings, of steel",group:24.2,division:24,C,MANUFACTURING,24,Manufacture of basic metals,24.2,"Manufacture of tubes, pipes, hollow profiles and related fittings, of steel",,,C | 24 | 24.2,"MANUFACTURING | Manufacture of basic metals | Manufacture of tubes, pipes, hollow profiles and related fittings, of steel",279
4,class,24.20,"Manufacture of tubes, pipes, hollow profiles and related fittings, of steel",class:24.20,group:24.2,C,MANUFACTURING,24,Manufacture of basic metals,24.2,"Manufacture of tubes, pipes, hollow profiles and related fittings, of steel",24.20,"Manufacture of tubes, pipes, hollow profiles and related fittings, of steel",C | 24 | 24.2 | 24.20,"MANUFACTURING | Manufacture of basic metals | Manufacture of tubes, pipes, hollow profiles and related fittings, of steel | Manufacture of tubes, pipes, hollow profiles and related fittings, of steel",280
3,group,24.3,Manufacture of other products of first processing of steel,group:24.3,division:24,C,MANUFACTURING,24,Manufacture of basic metals,24.3,Manufacture of other products of first processing of steel,,,C | 24 | 24.3,MANUFACTURING | Manufacture of basic metals | Manufacture of other products of first processing of steel,281
4,class,24.31,Cold drawing of bars,class:24.31,group:24.3,C,MANUFACTURING,24,Manufacture of basic metals,24.3,Manufacture of other products of first processing of steel,24.31,Cold drawing of bars,C | 24 | 24.3 | 24.31,MANUFACTURING | Manufacture of basic metals | Manufacture of other products of first processing of steel | Cold drawing of bars,282
4,class,24.32,Cold rolling of narrow strip,class:24.32,group:24.3,C,MANUFACTURING,24,Manufacture of basic metals,24.3,Manufacture of other products of first processing of steel,24.32,Cold rolling of narrow strip,C | 24 | 24.3 | 24.32,MANUFACTURING | Manufacture of basic metals | Manufacture of other products of first processing of steel | Cold rolling of narrow strip,283
4,class,24.33,Cold forming or folding,class:24.33,group:24.3,C,MANUFACTURING,24,Manufacture of basic metals,24.3,Manufacture of other products of first processing of steel,24.33,Cold forming or folding,C | 24 | 24.3 | 24.33,MANUFACTURING | Manufacture of basic metals | Manufacture of other products of first processing of steel | Cold forming or folding,284
4,class,24.34,Cold drawing of wire,class:24.34,group:24.3,C,MANUFACTURING,24,Manufacture of basic metals,24.3,Manufacture of other products of first processing of steel,24.34,Cold drawing of wire,C | 24 | 24.3 | 24.34,MANUFACTURING | Manufacture of basic metals | Manufacture of other products of first processing of steel | Cold drawing of wire,285
3,group,24.4,Manufacture of basic precious and other non-ferrous metals,group:24.4,division:24,C,MANUFACTURING,24,Manufacture of basic metals,24.4,Manufacture of basic precious and other non-ferrous metals,,,C | 24 | 24.4,MANUFACTURING | Manufacture of basic metals | Manufacture of basic precious and other non-ferrous metals,286
4,class,24.41,Precious metals production,class:24.41,group:24.4,C,MANUFACTURING,24,Manufacture of basic metals,24.4,Manufacture of basic precious and other non-ferrous metals,24.41,Precious metals production,C | 24 | 24.4 | 24.41,MANUFACTURING | Manufacture of basic metals | Manufacture of basic precious and other non-ferrous metals | Precious metals production,287
4,class,24.42,Aluminium production,class:24.42,group:24.4,C,MANUFACTURING,24,Manufacture of basic metals,24.4,Manufacture of basic precious and other non-ferrous metals,24.42,Aluminium production,C | 24 | 24.4 | 24.42,MANUFACTURING | Manufacture of basic metals | Manufacture of basic precious and other non-ferrous metals | Aluminium production,288
4,class,24.43,"Lead, zinc and tin production",class:24.43,group:24.4,C,MANUFACTURING,24,Manufacture of basic metals,24.4,Manufacture of basic precious and other non-ferrous metals,24.43,"Lead, zinc and tin production",C | 24 | 24.4 | 24.43,"MANUFACTURING | Manufacture of basic metals | Manufacture of basic precious and other non-ferrous metals | Lead, zinc and tin production",289
4,class,24.44,Copper production,class:24.44,group:24.4,C,MANUFACTURING,24,Manufacture of basic metals,24.4,Manufacture of basic precious and other non-ferrous metals,24.44,Copper production,C | 24 | 24.4 | 24.44,MANUFACTURING | Manufacture of basic metals | Manufacture of basic precious and other non-ferrous metals | Copper production,290
4,class,24.45,Other non-ferrous metal production,class:24.45,group:24.4,C,MANUFACTURING,24,Manufacture of basic metals,24.4,Manufacture of basic precious and other non-ferrous metals,24.45,Other non-ferrous metal production,C | 24 | 24.4 | 24.45,MANUFACTURING | Manufacture of basic metals | Manufacture of basic precious and other non-ferrous metals | Other non-ferrous metal production,291
4,class,24.46,Processing of nuclear fuel,class:24.46,group:24.4,C,MANUFACTURING,24,Manufacture of basic metals,24.4,Manufacture of basic precious and other non-ferrous metals,24.46,Processing of nuclear fuel,C | 24 | 24.4 | 24.46,MANUFACTURING | Manufacture of basic metals | Manufacture of basic precious and other non-ferrous metals | Processing of nuclear fuel,292
3,group,24.5,Casting of metals,group:24.5,division:24,C,MANUFACTURING,24,Manufacture of basic metals,24.5,Casting of metals,,,C | 24 | 24.5,MANUFACTURING | Manufacture of basic metals | Casting of metals,293
4,class,24.51,Casting of iron,class:24.51,group:24.5,C,MANUFACTURING,24,Manufacture of basic metals,24.5,Casting of metals,24.51,Casting of iron,C | 24 | 24.5 | 24.51,MANUFACTURING | Manufacture of basic metals | Casting of metals | Casting of iron,294
4,class,24.52,Casting of steel,class:24.52,group:24.5,C,MANUFACTURING,24,Manufacture of basic metals,24.5,Casting of metals,24.52,Casting of steel,C | 24 | 24.5 | 24.52,MANUFACTURING | Manufacture of basic metals | Casting of metals | Casting of steel,295
4,class,24.53,Casting of light metals,class:24.53,group:24.5,C,MANUFACTURING,24,Manufacture of basic metals,24.5,Casting of metals,24.53,Casting of light metals,C | 24 | 24.5 | 24.53,MANUFACTURING | Manufacture of basic metals | Casting of metals | Casting of light metals,296
4,class,24.54,Casting of other non-ferrous metals,class:24.54,group:24.5,C,MANUFACTURING,24,Manufacture of basic metals,24.5,Casting of metals,24.54,Casting of other non-ferrous metals,C | 24 | 24.5 | 24.54,MANUFACTURING | Manufacture of basic metals | Casting of metals | Casting of other non-ferrous metals,297
2,division,25,"Manufacture of fabricated metal products, except machinery and equipment",division:25,section:C,C,MANUFACTURING,25,"Manufacture of fabricated metal products, except machinery and equipment",,,,,C | 25,"MANUFACTURING | Manufacture of fabricated metal products, except machinery and equipment",298
3,group,25.1,Manufacture of structural metal products,group:25.1,division:25,C,MANUFACTURING,25,"Manufacture of fabricated metal products, except machinery and equipment",25.1,Manufacture of structural metal products,,,C | 25 | 25.1,"MANUFACTURING | Manufacture of fabricated metal products, except machinery and equipment | Manufacture of structural metal products",299
4,class,25.11,Manufacture of metal structures and parts of structures,class:25.11,group:25.1,C,MANUFACTURING,25,"Manufacture of fabricated metal products, except machinery and equipment",25.1,Manufacture of structural metal products,25.11,Manufacture of metal structures and parts of structures,C | 25 | 25.1 | 25.11,"MANUFACTURING | Manufacture of fabricated metal products, except machinery and equipment | Manufacture of structural metal products | Manufacture of metal structures and parts of structures",300
4,class,25.12,Manufacture of doors and windows of metal,class:25.12,group:25.1,C,MANUFACTURING,25,"Manufacture of fabricated metal products, except machinery and equipment",25.1,Manufacture of structural metal products,25.12,Manufacture of doors and windows of metal,C | 25 | 25.1 | 25.12,"MANUFACTURING | Manufacture of fabricated metal products, except machinery and equipment | Manufacture of structural metal products | Manufacture of doors and windows of metal",301
3,group,25.2,"Manufacture of tanks, reservoirs and containers of metal",group:25.2,division:25,C,MANUFACTURING,25,"Manufacture of fabricated metal products, except machinery and equipment",25.2,"Manufacture of tanks, reservoirs and containers of metal",,,C | 25 | 25.2,"MANUFACTURING | Manufacture of fabricated metal products, except machinery and equipment | Manufacture of tanks, reservoirs and containers of metal",302
4,class,25.21,Manufacture of central heating radiators and boilers,class:25.21,group:25.2,C,MANUFACTURING,25,"Manufacture of fabricated metal products, except machinery and equipment",25.2,"Manufacture of tanks, reservoirs and containers of metal",25.21,Manufacture of central heating radiators and boilers,C | 25 | 25.2 | 25.21,"MANUFACTURING | Manufacture of fabricated metal products, except machinery and equipment | Manufacture of tanks, reservoirs and containers of metal | Manufacture of central heating radiators and boilers",303
4,class,25.29,"Manufacture of other tanks, reservoirs and containers of metal",class:25.29,group:25.2,C,MANUFACTURING,25,"Manufacture of fabricated metal products, except machinery and equipment",25.2,"Manufacture of tanks, reservoirs and containers of metal",25.29,"Manufacture of other tanks, reservoirs and containers of metal",C | 25 | 25.2 | 25.29,"MANUFACTURING | Manufacture of fabricated metal products, except machinery and equipment | Manufacture of tanks, reservoirs and containers of metal | Manufacture of other tanks, reservoirs and containers of metal",304
3,group,25.3,"Manufacture of steam generators, except central heating hot water boilers",group:25.3,division:25,C,MANUFACTURING,25,"Manufacture of fabricated metal products, except machinery and equipment",25.3,"Manufacture of steam generators, except central heating hot water boilers",,,C | 25 | 25.3,"MANUFACTURING | Manufacture of fabricated metal products, except machinery and equipment | Manufacture of steam generators, except central heating hot water boilers",305
4,class,25.30,"Manufacture of steam generators, except central heating hot water boilers",class:25.30,group:25.3,C,MANUFACTURING,25,"Manufacture of fabricated metal products, except machinery and equipment",25.3,"Manufacture of steam generators, except central heating hot water boilers",25.30,"Manufacture of steam generators, except central heating hot water boilers",C | 25 | 25.3 | 25.30,"MANUFACTURING | Manufacture of fabricated metal products, except machinery and equipment | Manufacture of steam generators, except central heating hot water boilers | Manufacture of steam generators, except central heating hot water boilers",306
3,group,25.4,Manufacture of weapons and ammunition,group:25.4,division:25,C,MANUFACTURING,25,"Manufacture of fabricated metal products, except machinery and equipment",25.4,Manufacture of weapons and ammunition,,,C | 25 | 25.4,"MANUFACTURING | Manufacture of fabricated metal products, except machinery and equipment | Manufacture of weapons and ammunition",307
4,class,25.40,Manufacture of weapons and ammunition,class:25.40,group:25.4,C,MANUFACTURING,25,"Manufacture of fabricated metal products, except machinery and equipment",25.4,Manufacture of weapons and ammunition,25.40,Manufacture of weapons and ammunition,C | 25 | 25.4 | 25.40,"MANUFACTURING | Manufacture of fabricated metal products, except machinery and equipment | Manufacture of weapons and ammunition | Manufacture of weapons and ammunition",308
3,group,25.5,"Forging, pressing, stamping and roll-forming of metal; powder metallurgy",group:25.5,division:25,C,MANUFACTURING,25,"Manufacture of fabricated metal products, except machinery and equipment",25.5,"Forging, pressing, stamping and roll-forming of metal; powder metallurgy",,,C | 25 | 25.5,"MANUFACTURING | Manufacture of fabricated metal products, except machinery and equipment | Forging, pressing, stamping and roll-forming of metal; powder metallurgy",309
4,class,25.50,"Forging, pressing, stamping and roll-forming of metal; powder metallurgy",class:25.50,group:25.5,C,MANUFACTURING,25,"Manufacture of fabricated metal products, except machinery and equipment",25.5,"Forging, pressing, stamping and roll-forming of metal; powder metallurgy",25.50,"Forging, pressing, stamping and roll-forming of metal; powder metallurgy",C | 25 | 25.5 | 25.50,"MANUFACTURING | Manufacture of fabricated metal products, except machinery and equipment | Forging, pressing, stamping and roll-forming of metal; powder metallurgy | Forging, pressing, stamping and roll-forming of metal; powder metallurgy",310
3,group,25.6,Treatment and coating of metals; machining,group:25.6,division:25,C,MANUFACTURING,25,"Manufacture of fabricated metal products, except machinery and equipment",25.6,Treatment and coating of metals; machining,,,C | 25 | 25.6,"MANUFACTURING | Manufacture of fabricated metal products, except machinery and equipment | Treatment and coating of metals; machining",311
4,class,25.61,Treatment and coating of metals,class:25.61,group:25.6,C,MANUFACTURING,25,"Manufacture of fabricated metal products, except machinery and equipment",25.6,Treatment and coating of metals; machining,25.61,Treatment and coating of metals,C | 25 | 25.6 | 25.61,"MANUFACTURING | Manufacture of fabricated metal products, except machinery and equipment | Treatment and coating of metals; machining | Treatment and coating of metals",312
4,class,25.62,Machining,class:25.62,group:25.6,C,MANUFACTURING,25,"Manufacture of fabricated metal products, except machinery and equipment",25.6,Treatment and coating of metals; machining,25.62,Machining,C | 25 | 25.6 | 25.62,"MANUFACTURING | Manufacture of fabricated metal products, except machinery and equipment | Treatment and coating of metals; machining | Machining",313
3,group,25.7,"Manufacture of cutlery, tools and general hardware",group:25.7,division:25,C,MANUFACTURING,25,"Manufacture of fabricated metal products, except machinery and equipment",25.7,"Manufacture of cutlery, tools and general hardware",,,C | 25 | 25.7,"MANUFACTURING | Manufacture of fabricated metal products, except machinery and equipment | Manufacture of cutlery, tools and general hardware",314
4,class,25.71,Manufacture of cutlery,class:25.71,group:25.7,C,MANUFACTURING,25,"Manufacture of fabricated metal products, except machinery and equipment",25.7,"Manufacture of cutlery, tools and general hardware",25.71,Manufacture of cutlery,C | 25 | 25.7 | 25.71,"MANUFACTURING | Manufacture of fabricated metal products, except machinery and equipment | Manufacture of cutlery, tools and general hardware | Manufacture of cutlery",315
4,class,25.72,Manufacture of locks and hinges,class:25.72,group:25.7,C,MANUFACTURING,25,"Manufacture of fabricated metal products, except machinery and equipment",25.7,"Manufacture of cutlery, tools and general hardware",25.72,Manufacture of locks and hinges,C | 25 | 25.7 | 25.72,"MANUFACTURING | Manufacture of fabricated metal products, except machinery and equipment | Manufacture of cutlery, tools and general hardware | Manufacture of locks and hinges",316
4,class,25.73,Manufacture of tools,class:25.73,group:25.7,C,MANUFACTURING,25,"Manufacture of fabricated metal products, except machinery and equipment",25.7,"Manufacture of cutlery, tools and general hardware",25.73,Manufacture of tools,C | 25 | 25.7 | 25.73,"MANUFACTURING | Manufacture of fabricated metal products, except machinery and equipment | Manufacture of cutlery, tools and general hardware | Manufacture of tools",317
3,group,25.9,Manufacture of other fabricated metal products,group:25.9,division:25,C,MANUFACTURING,25,"Manufacture of fabricated metal products, except machinery and equipment",25.9,Manufacture of other fabricated metal products,,,C | 25 | 25.9,"MANUFACTURING | Manufacture of fabricated metal products, except machinery and equipment | Manufacture of other fabricated metal products",318
4,class,25.91,Manufacture of steel drums and similar containers,class:25.91,group:25.9,C,MANUFACTURING,25,"Manufacture of fabricated metal products, except machinery and equipment",25.9,Manufacture of other fabricated metal products,25.91,Manufacture of steel drums and similar containers,C | 25 | 25.9 | 25.91,"MANUFACTURING | Manufacture of fabricated metal products, except machinery and equipment | Manufacture of other fabricated metal products | Manufacture of steel drums and similar containers",319
4,class,25.92,Manufacture of light metal packaging,class:25.92,group:25.9,C,MANUFACTURING,25,"Manufacture of fabricated metal products, except machinery and equipment",25.9,Manufacture of other fabricated metal products,25.92,Manufacture of light metal packaging,C | 25 | 25.9 | 25.92,"MANUFACTURING | Manufacture of fabricated metal products, except machinery and equipment | Manufacture of other fabricated metal products | Manufacture of light metal packaging",320
4,class,25.93,"Manufacture of wire products, chain and springs",class:25.93,group:25.9,C,MANUFACTURING,25,"Manufacture of fabricated metal products, except machinery and equipment",25.9,Manufacture of other fabricated metal products,25.93,"Manufacture of wire products, chain and springs",C | 25 | 25.9 | 25.93,"MANUFACTURING | Manufacture of fabricated metal products, except machinery and equipment | Manufacture of other fabricated metal products | Manufacture of wire products, chain and springs",321
4,class,25.94,Manufacture of fasteners and screw machine products,class:25.94,group:25.9,C,MANUFACTURING,25,"Manufacture of fabricated metal products, except machinery and equipment",25.9,Manufacture of other fabricated metal products,25.94,Manufacture of fasteners and screw machine products,C | 25 | 25.9 | 25.94,"MANUFACTURING | Manufacture of fabricated metal products, except machinery and equipment | Manufacture of other fabricated metal products | Manufacture of fasteners and screw machine products",322
4,class,25.99,Manufacture of other fabricated metal products n.e.c.,class:25.99,group:25.9,C,MANUFACTURING,25,"Manufacture of fabricated metal products, except machinery and equipment",25.9,Manufacture of other fabricated metal products,25.99,Manufacture of other fabricated metal products n.e.c.,C | 25 | 25.9 | 25.99,"MANUFACTURING | Manufacture of fabricated metal products, except machinery and equipment | Manufacture of other fabricated metal products | Manufacture of other fabricated metal products n.e.c.",323
2,division,26,"Manufacture of computer, electronic and optical products",division:26,section:C,C,MANUFACTURING,26,"Manufacture of computer, electronic and optical products",,,,,C | 26,"MANUFACTURING | Manufacture of computer, electronic and optical products",324
3,group,26.1,Manufacture of electronic components and boards,group:26.1,division:26,C,MANUFACTURING,26,"Manufacture of computer, electronic and optical products",26.1,Manufacture of electronic components and boards,,,C | 26 | 26.1,"MANUFACTURING | Manufacture of computer, electronic and optical products | Manufacture of electronic components and boards",325
4,class,26.11,Manufacture of electronic components,class:26.11,group:26.1,C,MANUFACTURING,26,"Manufacture of computer, electronic and optical products",26.1,Manufacture of electronic components and boards,26.11,Manufacture of electronic components,C | 26 | 26.1 | 26.11,"MANUFACTURING | Manufacture of computer, electronic and optical products | Manufacture of electronic components and boards | Manufacture of electronic components",326
4,class,26.12,Manufacture of loaded electronic boards,class:26.12,group:26.1,C,MANUFACTURING,26,"Manufacture of computer, electronic and optical products",26.1,Manufacture of electronic components and boards,26.12,Manufacture of loaded electronic boards,C | 26 | 26.1 | 26.12,"MANUFACTURING | Manufacture of computer, electronic and optical products | Manufacture of electronic components and boards | Manufacture of loaded electronic boards",327
3,group,26.2,Manufacture of computers and peripheral equipment,group:26.2,division:26,C,MANUFACTURING,26,"Manufacture of computer, electronic and optical products",26.2,Manufacture of computers and peripheral equipment,,,C | 26 | 26.2,"MANUFACTURING | Manufacture of computer, electronic and optical products | Manufacture of computers and peripheral equipment",328
4,class,26.20,Manufacture of computers and peripheral equipment,class:26.20,group:26.2,C,MANUFACTURING,26,"Manufacture of computer, electronic and optical products",26.2,Manufacture of computers and peripheral equipment,26.20,Manufacture of computers and peripheral equipment,C | 26 | 26.2 | 26.20,"MANUFACTURING | Manufacture of computer, electronic and optical products | Manufacture of computers and peripheral equipment | Manufacture of computers and peripheral equipment",329
3,group,26.3,Manufacture of communication equipment,group:26.3,division:26,C,MANUFACTURING,26,"Manufacture of computer, electronic and optical products",26.3,Manufacture of communication equipment,,,C | 26 | 26.3,"MANUFACTURING | Manufacture of computer, electronic and optical products | Manufacture of communication equipment",330
4,class,26.30,Manufacture of communication equipment,class:26.30,group:26.3,C,MANUFACTURING,26,"Manufacture of computer, electronic and optical products",26.3,Manufacture of communication equipment,26.30,Manufacture of communication equipment,C | 26 | 26.3 | 26.30,"MANUFACTURING | Manufacture of computer, electronic and optical products | Manufacture of communication equipment | Manufacture of communication equipment",331
3,group,26.4,Manufacture of consumer electronics,group:26.4,division:26,C,MANUFACTURING,26,"Manufacture of computer, electronic and optical products",26.4,Manufacture of consumer electronics,,,C | 26 | 26.4,"MANUFACTURING | Manufacture of computer, electronic and optical products | Manufacture of consumer electronics",332
4,class,26.40,Manufacture of consumer electronics,class:26.40,group:26.4,C,MANUFACTURING,26,"Manufacture of computer, electronic and optical products",26.4,Manufacture of consumer electronics,26.40,Manufacture of consumer electronics,C | 26 | 26.4 | 26.40,"MANUFACTURING | Manufacture of computer, electronic and optical products | Manufacture of consumer electronics | Manufacture of consumer electronics",333
3,group,26.5,"Manufacture of instruments and appliances for measuring, testing and navigation; watches and clocks",group:26.5,division:26,C,MANUFACTURING,26,"Manufacture of computer, electronic and optical products",26.5,"Manufacture of instruments and appliances for measuring, testing and navigation; watches and clocks",,,C | 26 | 26.5,"MANUFACTURING | Manufacture of computer, electronic and optical products | Manufacture of instruments and appliances for measuring, testing and navigation; watches and clocks",334
4,class,26.51,"Manufacture of instruments and appliances for measuring, testing and navigation",class:26.51,group:26.5,C,MANUFACTURING,26,"Manufacture of computer, electronic and optical products",26.5,"Manufacture of instruments and appliances for measuring, testing and navigation; watches and clocks",26.51,"Manufacture of instruments and appliances for measuring, testing and navigation",C | 26 | 26.5 | 26.51,"MANUFACTURING | Manufacture of computer, electronic and optical products | Manufacture of instruments and appliances for measuring, testing and navigation; watches and clocks | Manufacture of instruments and appliances for measuring, testing and navigation",335
4,class,26.52,Manufacture of watches and clocks,class:26.52,group:26.5,C,MANUFACTURING,26,"Manufacture of computer, electronic and optical products",26.5,"Manufacture of instruments and appliances for measuring, testing and navigation; watches and clocks",26.52,Manufacture of watches and clocks,C | 26 | 26.5 | 26.52,"MANUFACTURING | Manufacture of computer, electronic and optical products | Manufacture of instruments and appliances for measuring, testing and navigation; watches and clocks | Manufacture of watches and clocks",336
3,group,26.6,"Manufacture of irradiation, electromedical and electrotherapeutic equipment",group:26.6,division:26,C,MANUFACTURING,26,"Manufacture of computer, electronic and optical products",26.6,"Manufacture of irradiation, electromedical and electrotherapeutic equipment",,,C | 26 | 26.6,"MANUFACTURING | Manufacture of computer, electronic and optical products | Manufacture of irradiation, electromedical and electrotherapeutic equipment",337
4,class,26.60,"Manufacture of irradiation, electromedical and electrotherapeutic equipment",class:26.60,group:26.6,C,MANUFACTURING,26,"Manufacture of computer, electronic and optical products",26.6,"Manufacture of irradiation, electromedical and electrotherapeutic equipment",26.60,"Manufacture of irradiation, electromedical and electrotherapeutic equipment",C | 26 | 26.6 | 26.60,"MANUFACTURING | Manufacture of computer, electronic and optical products | Manufacture of irradiation, electromedical and electrotherapeutic equipment | Manufacture of irradiation, electromedical and electrotherapeutic equipment",338
3,group,26.7,Manufacture of optical instruments and photographic equipment,group:26.7,division:26,C,MANUFACTURING,26,"Manufacture of computer, electronic and optical products",26.7,Manufacture of optical instruments and photographic equipment,,,C | 26 | 26.7,"MANUFACTURING | Manufacture of computer, electronic and optical products | Manufacture of optical instruments and photographic equipment",339
4,class,26.70,Manufacture of optical instruments and photographic equipment,class:26.70,group:26.7,C,MANUFACTURING,26,"Manufacture of computer, electronic and optical products",26.7,Manufacture of optical instruments and photographic equipment,26.70,Manufacture of optical instruments and photographic equipment,C | 26 | 26.7 | 26.70,"MANUFACTURING | Manufacture of computer, electronic and optical products | Manufacture of optical instruments and photographic equipment | Manufacture of optical instruments and photographic equipment",340
3,group,26.8,Manufacture of magnetic and optical media,group:26.8,division:26,C,MANUFACTURING,26,"Manufacture of computer, electronic and optical products",26.8,Manufacture of magnetic and optical media,,,C | 26 | 26.8,"MANUFACTURING | Manufacture of computer, electronic and optical products | Manufacture of magnetic and optical media",341
4,class,26.80,Manufacture of magnetic and optical media,class:26.80,group:26.8,C,MANUFACTURING,26,"Manufacture of computer, electronic and optical products",26.8,Manufacture of magnetic and optical media,26.80,Manufacture of magnetic and optical media,C | 26 | 26.8 | 26.80,"MANUFACTURING | Manufacture of computer, electronic and optical products | Manufacture of magnetic and optical media | Manufacture of magnetic and optical media",342
2,division,27,Manufacture of electrical equipment,division:27,section:C,C,MANUFACTURING,27,Manufacture of electrical equipment,,,,,C | 27,MANUFACTURING | Manufacture of electrical equipment,343
3,group,27.1,"Manufacture of electric motors, generators, transformers and electricity distribution and control apparatus",group:27.1,division:27,C,MANUFACTURING,27,Manufacture of electrical equipment,27.1,"Manufacture of electric motors, generators, transformers and electricity distribution and control apparatus",,,C | 27 | 27.1,"MANUFACTURING | Manufacture of electrical equipment | Manufacture of electric motors, generators, transformers and electricity distribution and control apparatus",344
4,class,27.11,"Manufacture of electric motors, generators and transformers",class:27.11,group:27.1,C,MANUFACTURING,27,Manufacture of electrical equipment,27.1,"Manufacture of electric motors, generators, transformers and electricity distribution and control apparatus",27.11,"Manufacture of electric motors, generators and transformers",C | 27 | 27.1 | 27.11,"MANUFACTURING | Manufacture of electrical equipment | Manufacture of electric motors, generators, transformers and electricity distribution and control apparatus | Manufacture of electric motors, generators and transformers",345
4,class,27.12,Manufacture of electricity distribution and control apparatus,class:27.12,group:27.1,C,MANUFACTURING,27,Manufacture of electrical equipment,27.1,"Manufacture of electric motors, generators, transformers and electricity distribution and control apparatus",27.12,Manufacture of electricity distribution and control apparatus,C | 27 | 27.1 | 27.12,"MANUFACTURING | Manufacture of electrical equipment | Manufacture of electric motors, generators, transformers and electricity distribution and control apparatus | Manufacture of electricity distribution and control apparatus",346
3,group,27.2,Manufacture of batteries and accumulators,group:27.2,division:27,C,MANUFACTURING,27,Manufacture of electrical equipment,27.2,Manufacture of batteries and accumulators,,,C | 27 | 27.2,MANUFACTURING | Manufacture of electrical equipment | Manufacture of batteries and accumulators,347
4,class,27.20,Manufacture of batteries and accumulators,class:27.20,group:27.2,C,MANUFACTURING,27,Manufacture of electrical equipment,27.2,Manufacture of batteries and accumulators,27.20,Manufacture of batteries and accumulators,C | 27 | 27.2 | 27.20,MANUFACTURING | Manufacture of electrical equipment | Manufacture of batteries and accumulators | Manufacture of batteries and accumulators,348
3,group,27.3,Manufacture of wiring and wiring devices,group:27.3,division:27,C,MANUFACTURING,27,Manufacture of electrical equipment,27.3,Manufacture of wiring and wiring devices,,,C | 27 | 27.3,MANUFACTURING | Manufacture of electrical equipment | Manufacture of wiring and wiring devices,349
4,class,27.31,Manufacture of fibre optic cables,class:27.31,group:27.3,C,MANUFACTURING,27,Manufacture of electrical equipment,27.3,Manufacture of wiring and wiring devices,27.31,Manufacture of fibre optic cables,C | 27 | 27.3 | 27.31,MANUFACTURING | Manufacture of electrical equipment | Manufacture of wiring and wiring devices | Manufacture of fibre optic cables,350
4,class,27.32,Manufacture of other electronic and electric wires and cables,class:27.32,group:27.3,C,MANUFACTURING,27,Manufacture of electrical equipment,27.3,Manufacture of wiring and wiring devices,27.32,Manufacture of other electronic and electric wires and cables,C | 27 | 27.3 | 27.32,MANUFACTURING | Manufacture of electrical equipment | Manufacture of wiring and wiring devices | Manufacture of other electronic and electric wires and cables,351
4,class,27.33,Manufacture of wiring devices,class:27.33,group:27.3,C,MANUFACTURING,27,Manufacture of electrical equipment,27.3,Manufacture of wiring and wiring devices,27.33,Manufacture of wiring devices,C | 27 | 27.3 | 27.33,MANUFACTURING | Manufacture of electrical equipment | Manufacture of wiring and wiring devices | Manufacture of wiring devices,352
3,group,27.4,Manufacture of electric lighting equipment,group:27.4,division:27,C,MANUFACTURING,27,Manufacture of electrical equipment,27.4,Manufacture of electric lighting equipment,,,C | 27 | 27.4,MANUFACTURING | Manufacture of electrical equipment | Manufacture of electric lighting equipment,353
4,class,27.40,Manufacture of electric lighting equipment,class:27.40,group:27.4,C,MANUFACTURING,27,Manufacture of electrical equipment,27.4,Manufacture of electric lighting equipment,27.40,Manufacture of electric lighting equipment,C | 27 | 27.4 | 27.40,MANUFACTURING | Manufacture of electrical equipment | Manufacture of electric lighting equipment | Manufacture of electric lighting equipment,354
3,group,27.5,Manufacture of domestic appliances,group:27.5,division:27,C,MANUFACTURING,27,Manufacture of electrical equipment,27.5,Manufacture of domestic appliances,,,C | 27 | 27.5,MANUFACTURING | Manufacture of electrical equipment | Manufacture of domestic appliances,355
4,class,27.51,Manufacture of electric domestic appliances,class:27.51,group:27.5,C,MANUFACTURING,27,Manufacture of electrical equipment,27.5,Manufacture of domestic appliances,27.51,Manufacture of electric domestic appliances,C | 27 | 27.5 | 27.51,MANUFACTURING | Manufacture of electrical equipment | Manufacture of domestic appliances | Manufacture of electric domestic appliances,356
4,class,27.52,Manufacture of non-electric domestic appliances,class:27.52,group:27.5,C,MANUFACTURING,27,Manufacture of electrical equipment,27.5,Manufacture of domestic appliances,27.52,Manufacture of non-electric domestic appliances,C | 27 | 27.5 | 27.52,MANUFACTURING | Manufacture of electrical equipment | Manufacture of domestic appliances | Manufacture of non-electric domestic appliances,357
3,group,27.9,Manufacture of other electrical equipment,group:27.9,division:27,C,MANUFACTURING,27,Manufacture of electrical equipment,27.9,Manufacture of other electrical equipment,,,C | 27 | 27.9,MANUFACTURING | Manufacture of electrical equipment | Manufacture of other electrical equipment,358
4,class,27.90,Manufacture of other electrical equipment,class:27.90,group:27.9,C,MANUFACTURING,27,Manufacture of electrical equipment,27.9,Manufacture of other electrical equipment,27.90,Manufacture of other electrical equipment,C | 27 | 27.9 | 27.90,MANUFACTURING | Manufacture of electrical equipment | Manufacture of other electrical equipment | Manufacture of other electrical equipment,359
2,division,28,Manufacture of machinery and equipment n.e.c.,division:28,section:C,C,MANUFACTURING,28,Manufacture of machinery and equipment n.e.c.,,,,,C | 28,MANUFACTURING | Manufacture of machinery and equipment n.e.c.,360
3,group,28.1,Manufacture of general-purpose machinery,group:28.1,division:28,C,MANUFACTURING,28,Manufacture of machinery and equipment n.e.c.,28.1,Manufacture of general-purpose machinery,,,C | 28 | 28.1,MANUFACTURING | Manufacture of machinery and equipment n.e.c. | Manufacture of general-purpose machinery,361
4,class,28.11,"Manufacture of engines and turbines, except aircraft, vehicle and cycle engines",class:28.11,group:28.1,C,MANUFACTURING,28,Manufacture of machinery and equipment n.e.c.,28.1,Manufacture of general-purpose machinery,28.11,"Manufacture of engines and turbines, except aircraft, vehicle and cycle engines",C | 28 | 28.1 | 28.11,"MANUFACTURING | Manufacture of machinery and equipment n.e.c. | Manufacture of general-purpose machinery | Manufacture of engines and turbines, except aircraft, vehicle and cycle engines",362
4,class,28.12,Manufacture of fluid power equipment,class:28.12,group:28.1,C,MANUFACTURING,28,Manufacture of machinery and equipment n.e.c.,28.1,Manufacture of general-purpose machinery,28.12,Manufacture of fluid power equipment,C | 28 | 28.1 | 28.12,MANUFACTURING | Manufacture of machinery and equipment n.e.c. | Manufacture of general-purpose machinery | Manufacture of fluid power equipment,363
4,class,28.13,Manufacture of other pumps and compressors,class:28.13,group:28.1,C,MANUFACTURING,28,Manufacture of machinery and equipment n.e.c.,28.1,Manufacture of general-purpose machinery,28.13,Manufacture of other pumps and compressors,C | 28 | 28.1 | 28.13,MANUFACTURING | Manufacture of machinery and equipment n.e.c. | Manufacture of general-purpose machinery | Manufacture of other pumps and compressors,364
4,class,28.14,Manufacture of other taps and valves,class:28.14,group:28.1,C,MANUFACTURING,28,Manufacture of machinery and equipment n.e.c.,28.1,Manufacture of general-purpose machinery,28.14,Manufacture of other taps and valves,C | 28 | 28.1 | 28.14,MANUFACTURING | Manufacture of machinery and equipment n.e.c. | Manufacture of general-purpose machinery | Manufacture of other taps and valves,365
4,class,28.15,"Manufacture of bearings, gears, gearing and driving elements",class:28.15,group:28.1,C,MANUFACTURING,28,Manufacture of machinery and equipment n.e.c.,28.1,Manufacture of general-purpose machinery,28.15,"Manufacture of bearings, gears, gearing and driving elements",C | 28 | 28.1 | 28.15,"MANUFACTURING | Manufacture of machinery and equipment n.e.c. | Manufacture of general-purpose machinery | Manufacture of bearings, gears, gearing and driving elements",366
3,group,28.2,Manufacture of other general-purpose machinery,group:28.2,division:28,C,MANUFACTURING,28,Manufacture of machinery and equipment n.e.c.,28.2,Manufacture of other general-purpose machinery,,,C | 28 | 28.2,MANUFACTURING | Manufacture of machinery and equipment n.e.c. | Manufacture of other general-purpose machinery,367
4,class,28.21,"Manufacture of ovens, furnaces and furnace burners",class:28.21,group:28.2,C,MANUFACTURING,28,Manufacture of machinery and equipment n.e.c.,28.2,Manufacture of other general-purpose machinery,28.21,"Manufacture of ovens, furnaces and furnace burners",C | 28 | 28.2 | 28.21,"MANUFACTURING | Manufacture of machinery and equipment n.e.c. | Manufacture of other general-purpose machinery | Manufacture of ovens, furnaces and furnace burners",368
4,class,28.22,Manufacture of lifting and handling equipment,class:28.22,group:28.2,C,MANUFACTURING,28,Manufacture of machinery and equipment n.e.c.,28.2,Manufacture of other general-purpose machinery,28.22,Manufacture of lifting and handling equipment,C | 28 | 28.2 | 28.22,MANUFACTURING | Manufacture of machinery and equipment n.e.c. | Manufacture of other general-purpose machinery | Manufacture of lifting and handling equipment,369
4,class,28.23,Manufacture of office machinery and equipment (except computers and peripheral equipment),class:28.23,group:28.2,C,MANUFACTURING,28,Manufacture of machinery and equipment n.e.c.,28.2,Manufacture of other general-purpose machinery,28.23,Manufacture of office machinery and equipment (except computers and peripheral equipment),C | 28 | 28.2 | 28.23,MANUFACTURING | Manufacture of machinery and equipment n.e.c. | Manufacture of other general-purpose machinery | Manufacture of office machinery and equipment (except computers and peripheral equipment),370
4,class,28.24,Manufacture of power-driven hand tools,class:28.24,group:28.2,C,MANUFACTURING,28,Manufacture of machinery and equipment n.e.c.,28.2,Manufacture of other general-purpose machinery,28.24,Manufacture of power-driven hand tools,C | 28 | 28.2 | 28.24,MANUFACTURING | Manufacture of machinery and equipment n.e.c. | Manufacture of other general-purpose machinery | Manufacture of power-driven hand tools,371
4,class,28.25,Manufacture of non-domestic cooling and ventilation equipment,class:28.25,group:28.2,C,MANUFACTURING,28,Manufacture of machinery and equipment n.e.c.,28.2,Manufacture of other general-purpose machinery,28.25,Manufacture of non-domestic cooling and ventilation equipment,C | 28 | 28.2 | 28.25,MANUFACTURING | Manufacture of machinery and equipment n.e.c. | Manufacture of other general-purpose machinery | Manufacture of non-domestic cooling and ventilation equipment,372
4,class,28.29,Manufacture of other general-purpose machinery n.e.c.,class:28.29,group:28.2,C,MANUFACTURING,28,Manufacture of machinery and equipment n.e.c.,28.2,Manufacture of other general-purpose machinery,28.29,Manufacture of other general-purpose machinery n.e.c.,C | 28 | 28.2 | 28.29,MANUFACTURING | Manufacture of machinery and equipment n.e.c. | Manufacture of other general-purpose machinery | Manufacture of other general-purpose machinery n.e.c.,373
3,group,28.3,Manufacture of agricultural and forestry machinery,group:28.3,division:28,C,MANUFACTURING,28,Manufacture of machinery and equipment n.e.c.,28.3,Manufacture of agricultural and forestry machinery,,,C | 28 | 28.3,MANUFACTURING | Manufacture of machinery and equipment n.e.c. | Manufacture of agricultural and forestry machinery,374
4,class,28.30,Manufacture of agricultural and forestry machinery,class:28.30,group:28.3,C,MANUFACTURING,28,Manufacture of machinery and equipment n.e.c.,28.3,Manufacture of agricultural and forestry machinery,28.30,Manufacture of agricultural and forestry machinery,C | 28 | 28.3 | 28.30,MANUFACTURING | Manufacture of machinery and equipment n.e.c. | Manufacture of agricultural and forestry machinery | Manufacture of agricultural and forestry machinery,375
3,group,28.4,Manufacture of metal forming machinery and machine tools,group:28.4,division:28,C,MANUFACTURING,28,Manufacture of machinery and equipment n.e.c.,28.4,Manufacture of metal forming machinery and machine tools,,,C | 28 | 28.4,MANUFACTURING | Manufacture of machinery and equipment n.e.c. | Manufacture of metal forming machinery and machine tools,376
4,class,28.41,Manufacture of metal forming machinery,class:28.41,group:28.4,C,MANUFACTURING,28,Manufacture of machinery and equipment n.e.c.,28.4,Manufacture of metal forming machinery and machine tools,28.41,Manufacture of metal forming machinery,C | 28 | 28.4 | 28.41,MANUFACTURING | Manufacture of machinery and equipment n.e.c. | Manufacture of metal forming machinery and machine tools | Manufacture of metal forming machinery,377
4,class,28.49,Manufacture of other machine tools,class:28.49,group:28.4,C,MANUFACTURING,28,Manufacture of machinery and equipment n.e.c.,28.4,Manufacture of metal forming machinery and machine tools,28.49,Manufacture of other machine tools,C | 28 | 28.4 | 28.49,MANUFACTURING | Manufacture of machinery and equipment n.e.c. | Manufacture of metal forming machinery and machine tools | Manufacture of other machine tools,378
3,group,28.9,Manufacture of other special-purpose machinery,group:28.9,division:28,C,MANUFACTURING,28,Manufacture of machinery and equipment n.e.c.,28.9,Manufacture of other special-purpose machinery,,,C | 28 | 28.9,MANUFACTURING | Manufacture of machinery and equipment n.e.c. | Manufacture of other special-purpose machinery,379
4,class,28.91,Manufacture of machinery for metallurgy,class:28.91,group:28.9,C,MANUFACTURING,28,Manufacture of machinery and equipment n.e.c.,28.9,Manufacture of other special-purpose machinery,28.91,Manufacture of machinery for metallurgy,C | 28 | 28.9 | 28.91,MANUFACTURING | Manufacture of machinery and equipment n.e.c. | Manufacture of other special-purpose machinery | Manufacture of machinery for metallurgy,380
4,class,28.92,"Manufacture of machinery for mining, quarrying and construction",class:28.92,group:28.9,C,MANUFACTURING,28,Manufacture of machinery and equipment n.e.c.,28.9,Manufacture of other special-purpose machinery,28.92,"Manufacture of machinery for mining, quarrying and construction",C | 28 | 28.9 | 28.92,"MANUFACTURING | Manufacture of machinery and equipment n.e.c. | Manufacture of other special-purpose machinery | Manufacture of machinery for mining, quarrying and construction",381
4,class,28.93,"Manufacture of machinery for food, beverage and tobacco processing",class:28.93,group:28.9,C,MANUFACTURING,28,Manufacture of machinery and equipment n.e.c.,28.9,Manufacture of other special-purpose machinery,28.93,"Manufacture of machinery for food, beverage and tobacco processing",C | 28 | 28.9 | 28.93,"MANUFACTURING | Manufacture of machinery and equipment n.e.c. | Manufacture of other special-purpose machinery | Manufacture of machinery for food, beverage and tobacco processing",382
4,class,28.94,"Manufacture of machinery for textile, apparel and leather production",class:28.94,group:28.9,C,MANUFACTURING,28,Manufacture of machinery and equipment n.e.c.,28.9,Manufacture of other special-purpose machinery,28.94,"Manufacture of machinery for textile, apparel and leather production",C | 28 | 28.9 | 28.94,"MANUFACTURING | Manufacture of machinery and equipment n.e.c. | Manufacture of other special-purpose machinery | Manufacture of machinery for textile, apparel and leather production",383
4,class,28.95,Manufacture of machinery for paper and paperboard production,class:28.95,group:28.9,C,MANUFACTURING,28,Manufacture of machinery and equipment n.e.c.,28.9,Manufacture of other special-purpose machinery,28.95,Manufacture of machinery for paper and paperboard production,C | 28 | 28.9 | 28.95,MANUFACTURING | Manufacture of machinery and equipment n.e.c. | Manufacture of other special-purpose machinery | Manufacture of machinery for paper and paperboard production,384
4,class,28.96,Manufacture of plastics and rubber machinery,class:28.96,group:28.9,C,MANUFACTURING,28,Manufacture of machinery and equipment n.e.c.,28.9,Manufacture of other special-purpose machinery,28.96,Manufacture of plastics and rubber machinery,C | 28 | 28.9 | 28.96,MANUFACTURING | Manufacture of machinery and equipment n.e.c. | Manufacture of other special-purpose machinery | Manufacture of plastics and rubber machinery,385
4,class,28.99,Manufacture of other special-purpose machinery n.e.c.,class:28.99,group:28.9,C,MANUFACTURING,28,Manufacture of machinery and equipment n.e.c.,28.9,Manufacture of other special-purpose machinery,28.99,Manufacture of other special-purpose machinery n.e.c.,C | 28 | 28.9 | 28.99,MANUFACTURING | Manufacture of machinery and equipment n.e.c. | Manufacture of other special-purpose machinery | Manufacture of other special-purpose machinery n.e.c.,386
2,division,29,"Manufacture of motor vehicles, trailers and semi-trailers",division:29,section:C,C,MANUFACTURING,29,"Manufacture of motor vehicles, trailers and semi-trailers",,,,,C | 29,"MANUFACTURING | Manufacture of motor vehicles, trailers and semi-trailers",387
3,group,29.1,Manufacture of motor vehicles,group:29.1,division:29,C,MANUFACTURING,29,"Manufacture of motor vehicles, trailers and semi-trailers",29.1,Manufacture of motor vehicles,,,C | 29 | 29.1,"MANUFACTURING | Manufacture of motor vehicles, trailers and semi-trailers | Manufacture of motor vehicles",388
4,class,29.10,Manufacture of motor vehicles,class:29.10,group:29.1,C,MANUFACTURING,29,"Manufacture of motor vehicles, trailers and semi-trailers",29.1,Manufacture of motor vehicles,29.10,Manufacture of motor vehicles,C | 29 | 29.1 | 29.10,"MANUFACTURING | Manufacture of motor vehicles, trailers and semi-trailers | Manufacture of motor vehicles | Manufacture of motor vehicles",389
3,group,29.2,Manufacture of bodies (coachwork) for motor vehicles; manufacture of trailers and semi-trailers,group:29.2,division:29,C,MANUFACTURING,29,"Manufacture of motor vehicles, trailers and semi-trailers",29.2,Manufacture of bodies (coachwork) for motor vehicles; manufacture of trailers and semi-trailers,,,C | 29 | 29.2,"MANUFACTURING | Manufacture of motor vehicles, trailers and semi-trailers | Manufacture of bodies (coachwork) for motor vehicles; manufacture of trailers and semi-trailers",390
4,class,29.20,Manufacture of bodies (coachwork) for motor vehicles; manufacture of trailers and semi-trailers,class:29.20,group:29.2,C,MANUFACTURING,29,"Manufacture of motor vehicles, trailers and semi-trailers",29.2,Manufacture of bodies (coachwork) for motor vehicles; manufacture of trailers and semi-trailers,29.20,Manufacture of bodies (coachwork) for motor vehicles; manufacture of trailers and semi-trailers,C | 29 | 29.2 | 29.20,"MANUFACTURING | Manufacture of motor vehicles, trailers and semi-trailers | Manufacture of bodies (coachwork) for motor vehicles; manufacture of trailers and semi-trailers | Manufacture of bodies (coachwork) for motor vehicles; manufacture of trailers and semi-trailers",391
3,group,29.3,Manufacture of parts and accessories for motor vehicles,group:29.3,division:29,C,MANUFACTURING,29,"Manufacture of motor vehicles, trailers and semi-trailers",29.3,Manufacture of parts and accessories for motor vehicles,,,C | 29 | 29.3,"MANUFACTURING | Manufacture of motor vehicles, trailers and semi-trailers | Manufacture of parts and accessories for motor vehicles",392
4,class,29.31,Manufacture of electrical and electronic equipment for motor vehicles,class:29.31,group:29.3,C,MANUFACTURING,29,"Manufacture of motor vehicles, trailers and semi-trailers",29.3,Manufacture of parts and accessories for motor vehicles,29.31,Manufacture of electrical and electronic equipment for motor vehicles,C | 29 | 29.3 | 29.31,"MANUFACTURING | Manufacture of motor vehicles, trailers and semi-trailers | Manufacture of parts and accessories for motor vehicles | Manufacture of electrical and electronic equipment for motor vehicles",393
4,class,29.32,Manufacture of other parts and accessories for motor vehicles,class:29.32,group:29.3,C,MANUFACTURING,29,"Manufacture of motor vehicles, trailers and semi-trailers",29.3,Manufacture of parts and accessories for motor vehicles,29.32,Manufacture of other parts and accessories for motor vehicles,C | 29 | 29.3 | 29.32,"MANUFACTURING | Manufacture of motor vehicles, trailers and semi-trailers | Manufacture of parts and accessories for motor vehicles | Manufacture of other parts and accessories for motor vehicles",394
2,division,30,Manufacture of other transport equipment,division:30,section:C,C,MANUFACTURING,30,Manufacture of other transport equipment,,,,,C | 30,MANUFACTURING | Manufacture of other transport equipment,395
3,group,30.1,Building of ships and boats,group:30.1,division:30,C,MANUFACTURING,30,Manufacture of other transport equipment,30.1,Building of ships and boats,,,C | 30 | 30.1,MANUFACTURING | Manufacture of other transport equipment | Building of ships and boats,396
4,class,30.11,Building of ships and floating structures,class:30.11,group:30.1,C,MANUFACTURING,30,Manufacture of other transport equipment,30.1,Building of ships and boats,30.11,Building of ships and floating structures,C | 30 | 30.1 | 30.11,MANUFACTURING | Manufacture of other transport equipment | Building of ships and boats | Building of ships and floating structures,397
4,class,30.12,Building of pleasure and sporting boats,class:30.12,group:30.1,C,MANUFACTURING,30,Manufacture of other transport equipment,30.1,Building of ships and boats,30.12,Building of pleasure and sporting boats,C | 30 | 30.1 | 30.12,MANUFACTURING | Manufacture of other transport equipment | Building of ships and boats | Building of pleasure and sporting boats,398
3,group,30.2,Manufacture of railway locomotives and rolling stock,group:30.2,division:30,C,MANUFACTURING,30,Manufacture of other transport equipment,30.2,Manufacture of railway locomotives and rolling stock,,,C | 30 | 30.2,MANUFACTURING | Manufacture of other transport equipment | Manufacture of railway locomotives and rolling stock,399
4,class,30.20,Manufacture of railway locomotives and rolling stock,class:30.20,group:30.2,C,MANUFACTURING,30,Manufacture of other transport equipment,30.2,Manufacture of railway locomotives and rolling stock,30.20,Manufacture of railway locomotives and rolling stock,C | 30 | 30.2 | 30.20,MANUFACTURING | Manufacture of other transport equipment | Manufacture of railway locomotives and rolling stock | Manufacture of railway locomotives and rolling stock,400
3,group,30.3,Manufacture of air and spacecraft and related machinery,group:30.3,division:30,C,MANUFACTURING,30,Manufacture of other transport equipment,30.3,Manufacture of air and spacecraft and related machinery,,,C | 30 | 30.3,MANUFACTURING | Manufacture of other transport equipment | Manufacture of air and spacecraft and related machinery,401
4,class,30.30,Manufacture of air and spacecraft and related machinery,class:30.30,group:30.3,C,MANUFACTURING,30,Manufacture of other transport equipment,30.3,Manufacture of air and spacecraft and related machinery,30.30,Manufacture of air and spacecraft and related machinery,C | 30 | 30.3 | 30.30,MANUFACTURING | Manufacture of other transport equipment | Manufacture of air and spacecraft and related machinery | Manufacture of air and spacecraft and related machinery,402
3,group,30.4,Manufacture of military fighting vehicles,group:30.4,division:30,C,MANUFACTURING,30,Manufacture of other transport equipment,30.4,Manufacture of military fighting vehicles,,,C | 30 | 30.4,MANUFACTURING | Manufacture of other transport equipment | Manufacture of military fighting vehicles,403
4,class,30.40,Manufacture of military fighting vehicles,class:30.40,group:30.4,C,MANUFACTURING,30,Manufacture of other transport equipment,30.4,Manufacture of military fighting vehicles,30.40,Manufacture of military fighting vehicles,C | 30 | 30.4 | 30.40,MANUFACTURING | Manufacture of other transport equipment | Manufacture of military fighting vehicles | Manufacture of military fighting vehicles,404
3,group,30.9,Manufacture of transport equipment n.e.c.,group:30.9,division:30,C,MANUFACTURING,30,Manufacture of other transport equipment,30.9,Manufacture of transport equipment n.e.c.,,,C | 30 | 30.9,MANUFACTURING | Manufacture of other transport equipment | Manufacture of transport equipment n.e.c.,405
4,class,30.91,Manufacture of motorcycles,class:30.91,group:30.9,C,MANUFACTURING,30,Manufacture of other transport equipment,30.9,Manufacture of transport equipment n.e.c.,30.91,Manufacture of motorcycles,C | 30 | 30.9 | 30.91,MANUFACTURING | Manufacture of other transport equipment | Manufacture of transport equipment n.e.c. | Manufacture of motorcycles,406
4,class,30.92,Manufacture of bicycles and invalid carriages,class:30.92,group:30.9,C,MANUFACTURING,30,Manufacture of other transport equipment,30.9,Manufacture of transport equipment n.e.c.,30.92,Manufacture of bicycles and invalid carriages,C | 30 | 30.9 | 30.92,MANUFACTURING | Manufacture of other transport equipment | Manufacture of transport equipment n.e.c. | Manufacture of bicycles and invalid carriages,407
4,class,30.99,Manufacture of other transport equipment n.e.c.,class:30.99,group:30.9,C,MANUFACTURING,30,Manufacture of other transport equipment,30.9,Manufacture of transport equipment n.e.c.,30.99,Manufacture of other transport equipment n.e.c.,C | 30 | 30.9 | 30.99,MANUFACTURING | Manufacture of other transport equipment | Manufacture of transport equipment n.e.c. | Manufacture of other transport equipment n.e.c.,408
2,division,31,Manufacture of furniture,division:31,section:C,C,MANUFACTURING,31,Manufacture of furniture,,,,,C | 31,MANUFACTURING | Manufacture of furniture,409
3,group,31.0,Manufacture of furniture,group:31.0,division:31,C,MANUFACTURING,31,Manufacture of furniture,31.0,Manufacture of furniture,,,C | 31 | 31.0,MANUFACTURING | Manufacture of furniture | Manufacture of furniture,410
4,class,31.01,Manufacture of office and shop furniture,class:31.01,group:31.0,C,MANUFACTURING,31,Manufacture of furniture,31.0,Manufacture of furniture,31.01,Manufacture of office and shop furniture,C | 31 | 31.0 | 31.01,MANUFACTURING | Manufacture of furniture | Manufacture of furniture | Manufacture of office and shop furniture,411
4,class,31.02,Manufacture of kitchen furniture,class:31.02,group:31.0,C,MANUFACTURING,31,Manufacture of furniture,31.0,Manufacture of furniture,31.02,Manufacture of kitchen furniture,C | 31 | 31.0 | 31.02,MANUFACTURING | Manufacture of furniture | Manufacture of furniture | Manufacture of kitchen furniture,412
4,class,31.03,Manufacture of mattresses,class:31.03,group:31.0,C,MANUFACTURING,31,Manufacture of furniture,31.0,Manufacture of furniture,31.03,Manufacture of mattresses,C | 31 | 31.0 | 31.03,MANUFACTURING | Manufacture of furniture | Manufacture of furniture | Manufacture of mattresses,413
4,class,31.09,Manufacture of other furniture,class:31.09,group:31.0,C,MANUFACTURING,31,Manufacture of furniture,31.0,Manufacture of furniture,31.09,Manufacture of other furniture,C | 31 | 31.0 | 31.09,MANUFACTURING | Manufacture of furniture | Manufacture of furniture | Manufacture of other furniture,414
2,division,32,Other manufacturing,division:32,section:C,C,MANUFACTURING,32,Other manufacturing,,,,,C | 32,MANUFACTURING | Other manufacturing,415
3,group,32.1,"Manufacture of jewellery, bijouterie and related articles",group:32.1,division:32,C,MANUFACTURING,32,Other manufacturing,32.1,"Manufacture of jewellery, bijouterie and related articles",,,C | 32 | 32.1,"MANUFACTURING | Other manufacturing | Manufacture of jewellery, bijouterie and related articles",416
4,class,32.11,Striking of coins,class:32.11,group:32.1,C,MANUFACTURING,32,Other manufacturing,32.1,"Manufacture of jewellery, bijouterie and related articles",32.11,Striking of coins,C | 32 | 32.1 | 32.11,"MANUFACTURING | Other manufacturing | Manufacture of jewellery, bijouterie and related articles | Striking of coins",417
4,class,32.12,Manufacture of jewellery and related articles,class:32.12,group:32.1,C,MANUFACTURING,32,Other manufacturing,32.1,"Manufacture of jewellery, bijouterie and related articles",32.12,Manufacture of jewellery and related articles,C | 32 | 32.1 | 32.12,"MANUFACTURING | Other manufacturing | Manufacture of jewellery, bijouterie and related articles | Manufacture of jewellery and related articles",418
4,class,32.13,Manufacture of imitation jewellery and related articles,class:32.13,group:32.1,C,MANUFACTURING,32,Other manufacturing,32.1,"Manufacture of jewellery, bijouterie and related articles",32.13,Manufacture of imitation jewellery and related articles,C | 32 | 32.1 | 32.13,"MANUFACTURING | Other manufacturing | Manufacture of jewellery, bijouterie and related articles | Manufacture of imitation jewellery and related articles",419
3,group,32.2,Manufacture of musical instruments,group:32.2,division:32,C,MANUFACTURING,32,Other manufacturing,32.2,Manufacture of musical instruments,,,C | 32 | 32.2,MANUFACTURING | Other manufacturing | Manufacture of musical instruments,420
4,class,32.20,Manufacture of musical instruments,class:32.20,group:32.2,C,MANUFACTURING,32,Other manufacturing,32.2,Manufacture of musical instruments,32.20,Manufacture of musical instruments,C | 32 | 32.2 | 32.20,MANUFACTURING | Other manufacturing | Manufacture of musical instruments | Manufacture of musical instruments,421
3,group,32.3,Manufacture of sports goods,group:32.3,division:32,C,MANUFACTURING,32,Other manufacturing,32.3,Manufacture of sports goods,,,C | 32 | 32.3,MANUFACTURING | Other manufacturing | Manufacture of sports goods,422
4,class,32.30,Manufacture of sports goods,class:32.30,group:32.3,C,MANUFACTURING,32,Other manufacturing,32.3,Manufacture of sports goods,32.30,Manufacture of sports goods,C | 32 | 32.3 | 32.30,MANUFACTURING | Other manufacturing | Manufacture of sports goods | Manufacture of sports goods,423
3,group,32.4,Manufacture of games and toys,group:32.4,division:32,C,MANUFACTURING,32,Other manufacturing,32.4,Manufacture of games and toys,,,C | 32 | 32.4,MANUFACTURING | Other manufacturing | Manufacture of games and toys,424
4,class,32.40,Manufacture of games and toys,class:32.40,group:32.4,C,MANUFACTURING,32,Other manufacturing,32.4,Manufacture of games and toys,32.40,Manufacture of games and toys,C | 32 | 32.4 | 32.40,MANUFACTURING | Other manufacturing | Manufacture of games and toys | Manufacture of games and toys,425
3,group,32.5,Manufacture of medical and dental instruments and supplies,group:32.5,division:32,C,MANUFACTURING,32,Other manufacturing,32.5,Manufacture of medical and dental instruments and supplies,,,C | 32 | 32.5,MANUFACTURING | Other manufacturing | Manufacture of medical and dental instruments and supplies,426
4,class,32.50,Manufacture of medical and dental instruments and supplies,class:32.50,group:32.5,C,MANUFACTURING,32,Other manufacturing,32.5,Manufacture of medical and dental instruments and supplies,32.50,Manufacture of medical and dental instruments and supplies,C | 32 | 32.5 | 32.50,MANUFACTURING | Other manufacturing | Manufacture of medical and dental instruments and supplies | Manufacture of medical and dental instruments and supplies,427
3,group,32.9,Manufacturing n.e.c.,group:32.9,division:32,C,MANUFACTURING,32,Other manufacturing,32.9,Manufacturing n.e.c.,,,C | 32 | 32.9,MANUFACTURING | Other manufacturing | Manufacturing n.e.c.,428
4,class,32.91,Manufacture of brooms and brushes,class:32.91,group:32.9,C,MANUFACTURING,32,Other manufacturing,32.9,Manufacturing n.e.c.,32.91,Manufacture of brooms and brushes,C | 32 | 32.9 | 32.91,MANUFACTURING | Other manufacturing | Manufacturing n.e.c. | Manufacture of brooms and brushes,429
4,class,32.99,Other manufacturing n.e.c.,class:32.99,group:32.9,C,MANUFACTURING,32,Other manufacturing,32.9,Manufacturing n.e.c.,32.99,Other manufacturing n.e.c.,C | 32 | 32.9 | 32.99,MANUFACTURING | Other manufacturing | Manufacturing n.e.c. | Other manufacturing n.e.c.,430
2,division,33,Repair and installation of machinery and equipment,division:33,section:C,C,MANUFACTURING,33,Repair and installation of machinery and equipment,,,,,C | 33,MANUFACTURING | Repair and installation of machinery and equipment,431
3,group,33.1,"Repair of fabricated metal products, machinery and equipment",group:33.1,division:33,C,MANUFACTURING,33,Repair and installation of machinery and equipment,33.1,"Repair of fabricated metal products, machinery and equipment",,,C | 33 | 33.1,"MANUFACTURING | Repair and installation of machinery and equipment | Repair of fabricated metal products, machinery and equipment",432
4,class,33.11,Repair of fabricated metal products,class:33.11,group:33.1,C,MANUFACTURING,33,Repair and installation of machinery and equipment,33.1,"Repair of fabricated metal products, machinery and equipment",33.11,Repair of fabricated metal products,C | 33 | 33.1 | 33.11,"MANUFACTURING | Repair and installation of machinery and equipment | Repair of fabricated metal products, machinery and equipment | Repair of fabricated metal products",433
4,class,33.12,Repair of machinery,class:33.12,group:33.1,C,MANUFACTURING,33,Repair and installation of machinery and equipment,33.1,"Repair of fabricated metal products, machinery and equipment",33.12,Repair of machinery,C | 33 | 33.1 | 33.12,"MANUFACTURING | Repair and installation of machinery and equipment | Repair of fabricated metal products, machinery and equipment | Repair of machinery",434
4,class,33.13,Repair of electronic and optical equipment,class:33.13,group:33.1,C,MANUFACTURING,33,Repair and installation of machinery and equipment,33.1,"Repair of fabricated metal products, machinery and equipment",33.13,Repair of electronic and optical equipment,C | 33 | 33.1 | 33.13,"MANUFACTURING | Repair and installation of machinery and equipment | Repair of fabricated metal products, machinery and equipment | Repair of electronic and optical equipment",435
4,class,33.14,Repair of electrical equipment,class:33.14,group:33.1,C,MANUFACTURING,33,Repair and installation of machinery and equipment,33.1,"Repair of fabricated metal products, machinery and equipment",33.14,Repair of electrical equipment,C | 33 | 33.1 | 33.14,"MANUFACTURING | Repair and installation of machinery and equipment | Repair of fabricated metal products, machinery and equipment | Repair of electrical equipment",436
4,class,33.15,Repair and maintenance of ships and boats,class:33.15,group:33.1,C,MANUFACTURING,33,Repair and installation of machinery and equipment,33.1,"Repair of fabricated metal products, machinery and equipment",33.15,Repair and maintenance of ships and boats,C | 33 | 33.1 | 33.15,"MANUFACTURING | Repair and installation of machinery and equipment | Repair of fabricated metal products, machinery and equipment | Repair and maintenance of ships and boats",437
4,class,33.16,Repair and maintenance of aircraft and spacecraft,class:33.16,group:33.1,C,MANUFACTURING,33,Repair and installation of machinery and equipment,33.1,"Repair of fabricated metal products, machinery and equipment",33.16,Repair and maintenance of aircraft and spacecraft,C | 33 | 33.1 | 33.16,"MANUFACTURING | Repair and installation of machinery and equipment | Repair of fabricated metal products, machinery and equipment | Repair and maintenance of aircraft and spacecraft",438
4,class,33.17,Repair and maintenance of other transport equipment,class:33.17,group:33.1,C,MANUFACTURING,33,Repair and installation of machinery and equipment,33.1,"Repair of fabricated metal products, machinery and equipment",33.17,Repair and maintenance of other transport equipment,C | 33 | 33.1 | 33.17,"MANUFACTURING | Repair and installation of machinery and equipment | Repair of fabricated metal products, machinery and equipment | Repair and maintenance of other transport equipment",439
4,class,33.19,Repair of other equipment,class:33.19,group:33.1,C,MANUFACTURING,33,Repair and installation of machinery and equipment,33.1,"Repair of fabricated metal products, machinery and equipment",33.19,Repair of other equipment,C | 33 | 33.1 | 33.19,"MANUFACTURING | Repair and installation of machinery and equipment | Repair of fabricated metal products, machinery and equipment | Repair of other equipment",440
3,group,33.2,Installation of industrial machinery and equipment,group:33.2,division:33,C,MANUFACTURING,33,Repair and installation of machinery and equipment,33.2,Installation of industrial machinery and equipment,,,C | 33 | 33.2,MANUFACTURING | Repair and installation of machinery and equipment | Installation of industrial machinery and equipment,441
4,class,33.20,Installation of industrial machinery and equipment,class:33.20,group:33.2,C,MANUFACTURING,33,Repair and installation of machinery and equipment,33.2,Installation of industrial machinery and equipment,33.20,Installation of industrial machinery and equipment,C | 33 | 33.2 | 33.20,MANUFACTURING | Repair and installation of machinery and equipment | Installation of industrial machinery and equipment | Installation of industrial machinery and equipment,442
1,section,D,"ELECTRICITY, GAS, STEAM AND AIR CONDITIONING SUPPLY",section:D,,D,"ELECTRICITY, GAS, STEAM AND AIR CONDITIONING SUPPLY",,,,,,,D,"ELECTRICITY, GAS, STEAM AND AIR CONDITIONING SUPPLY",443
2,division,35,"Electricity, gas, steam and air conditioning supply",division:35,section:D,D,"ELECTRICITY, GAS, STEAM AND AIR CONDITIONING SUPPLY",35,"Electricity, gas, steam and air conditioning supply",,,,,D | 35,"ELECTRICITY, GAS, STEAM AND AIR CONDITIONING SUPPLY | Electricity, gas, steam and air conditioning supply",444
3,group,35.1,"Electric power generation, transmission and distribution",group:35.1,division:35,D,"ELECTRICITY, GAS, STEAM AND AIR CONDITIONING SUPPLY",35,"Electricity, gas, steam and air conditioning supply",35.1,"Electric power generation, transmission and distribution",,,D | 35 | 35.1,"ELECTRICITY, GAS, STEAM AND AIR CONDITIONING SUPPLY | Electricity, gas, steam and air conditioning supply | Electric power generation, transmission and distribution",445
4,class,35.11,Production of electricity,class:35.11,group:35.1,D,"ELECTRICITY, GAS, STEAM AND AIR CONDITIONING SUPPLY",35,"Electricity, gas, steam and air conditioning supply",35.1,"Electric power generation, transmission and distribution",35.11,Production of electricity,D | 35 | 35.1 | 35.11,"ELECTRICITY, GAS, STEAM AND AIR CONDITIONING SUPPLY | Electricity, gas, steam and air conditioning supply | Electric power generation, transmission and distribution | Production of electricity",446
4,class,35.12,Transmission of electricity,class:35.12,group:35.1,D,"ELECTRICITY, GAS, STEAM AND AIR CONDITIONING SUPPLY",35,"Electricity, gas, steam and air conditioning supply",35.1,"Electric power generation, transmission and distribution",35.12,Transmission of electricity,D | 35 | 35.1 | 35.12,"ELECTRICITY, GAS, STEAM AND AIR CONDITIONING SUPPLY | Electricity, gas, steam and air conditioning supply | Electric power generation, transmission and distribution | Transmission of electricity",447
4,class,35.13,Distribution of electricity,class:35.13,group:35.1,D,"ELECTRICITY, GAS, STEAM AND AIR CONDITIONING SUPPLY",35,"Electricity, gas, steam and air conditioning supply",35.1,"Electric power generation, transmission and distribution",35.13,Distribution of electricity,D | 35 | 35.1 | 35.13,"ELECTRICITY, GAS, STEAM AND AIR CONDITIONING SUPPLY | Electricity, gas, steam and air conditioning supply | Electric power generation, transmission and distribution | Distribution of electricity",448
4,class,35.14,Trade of electricity,class:35.14,group:35.1,D,"ELECTRICITY, GAS, STEAM AND AIR CONDITIONING SUPPLY",35,"Electricity, gas, steam and air conditioning supply",35.1,"Electric power generation, transmission and distribution",35.14,Trade of electricity,D | 35 | 35.1 | 35.14,"ELECTRICITY, GAS, STEAM AND AIR CONDITIONING SUPPLY | Electricity, gas, steam and air conditioning supply | Electric power generation, transmission and distribution | Trade of electricity",449
3,group,35.2,Manufacture of gas; distribution of gaseous fuels through mains,group:35.2,division:35,D,"ELECTRICITY, GAS, STEAM AND AIR CONDITIONING SUPPLY",35,"Electricity, gas, steam and air conditioning supply",35.2,Manufacture of gas; distribution of gaseous fuels through mains,,,D | 35 | 35.2,"ELECTRICITY, GAS, STEAM AND AIR CONDITIONING SUPPLY | Electricity, gas, steam and air conditioning supply | Manufacture of gas; distribution of gaseous fuels through mains",450
4,class,35.21,Manufacture of gas,class:35.21,group:35.2,D,"ELECTRICITY, GAS, STEAM AND AIR CONDITIONING SUPPLY",35,"Electricity, gas, steam and air conditioning supply",35.2,Manufacture of gas; distribution of gaseous fuels through mains,35.21,Manufacture of gas,D | 35 | 35.2 | 35.21,"ELECTRICITY, GAS, STEAM AND AIR CONDITIONING SUPPLY | Electricity, gas, steam and air conditioning supply | Manufacture of gas; distribution of gaseous fuels through mains | Manufacture of gas",451
4,class,35.22,Distribution of gaseous fuels through mains,class:35.22,group:35.2,D,"ELECTRICITY, GAS, STEAM AND AIR CONDITIONING SUPPLY",35,"Electricity, gas, steam and air conditioning supply",35.2,Manufacture of gas; distribution of gaseous fuels through mains,35.22,Distribution of gaseous fuels through mains,D | 35 | 35.2 | 35.22,"ELECTRICITY, GAS, STEAM AND AIR CONDITIONING SUPPLY | Electricity, gas, steam and air conditioning supply | Manufacture of gas; distribution of gaseous fuels through mains | Distribution of gaseous fuels through mains",452
4,class,35.23,Trade of gas through mains,class:35.23,group:35.2,D,"ELECTRICITY, GAS, STEAM AND AIR CONDITIONING SUPPLY",35,"Electricity, gas, steam and air conditioning supply",35.2,Manufacture of gas; distribution of gaseous fuels through mains,35.23,Trade of gas through mains,D | 35 | 35.2 | 35.23,"ELECTRICITY, GAS, STEAM AND AIR CONDITIONING SUPPLY | Electricity, gas, steam and air conditioning supply | Manufacture of gas; distribution of gaseous fuels through mains | Trade of gas through mains",453
3,group,35.3,Steam and air conditioning supply,group:35.3,division:35,D,"ELECTRICITY, GAS, STEAM AND AIR CONDITIONING SUPPLY",35,"Electricity, gas, steam and air conditioning supply",35.3,Steam and air conditioning supply,,,D | 35 | 35.3,"ELECTRICITY, GAS, STEAM AND AIR CONDITIONING SUPPLY | Electricity, gas, steam and air conditioning supply | Steam and air conditioning supply",454
4,class,35.30,Steam and air conditioning supply,class:35.30,group:35.3,D,"ELECTRICITY, GAS, STEAM AND AIR CONDITIONING SUPPLY",35,"Electricity, gas, steam and air conditioning supply",35.3,Steam and air conditioning supply,35.30,Steam and air conditioning supply,D | 35 | 35.3 | 35.30,"ELECTRICITY, GAS, STEAM AND AIR CONDITIONING SUPPLY | Electricity, gas, steam and air conditioning supply | Steam and air conditioning supply | Steam and air conditioning supply",455
1,section,E,"WATER SUPPLY; SEWERAGE, WASTE MANAGEMENT AND REMEDIATION ACTIVITIES",section:E,,E,"WATER SUPPLY; SEWERAGE, WASTE MANAGEMENT AND REMEDIATION ACTIVITIES",,,,,,,E,"WATER SUPPLY; SEWERAGE, WASTE MANAGEMENT AND REMEDIATION ACTIVITIES",456
2,division,36,"Water collection, treatment and supply",division:36,section:E,E,"WATER SUPPLY; SEWERAGE, WASTE MANAGEMENT AND REMEDIATION ACTIVITIES",36,"Water collection, treatment and supply",,,,,E | 36,"WATER SUPPLY; SEWERAGE, WASTE MANAGEMENT AND REMEDIATION ACTIVITIES | Water collection, treatment and supply",457
3,group,36.0,"Water collection, treatment and supply",group:36.0,division:36,E,"WATER SUPPLY; SEWERAGE, WASTE MANAGEMENT AND REMEDIATION ACTIVITIES",36,"Water collection, treatment and supply",36.0,"Water collection, treatment and supply",,,E | 36 | 36.0,"WATER SUPPLY; SEWERAGE, WASTE MANAGEMENT AND REMEDIATION ACTIVITIES | Water collection, treatment and supply | Water collection, treatment and supply",458
4,class,36.00,"Water collection, treatment and supply",class:36.00,group:36.0,E,"WATER SUPPLY; SEWERAGE, WASTE MANAGEMENT AND REMEDIATION ACTIVITIES",36,"Water collection, treatment and supply",36.0,"Water collection, treatment and supply",36.00,"Water collection, treatment and supply",E | 36 | 36.0 | 36.00,"WATER SUPPLY; SEWERAGE, WASTE MANAGEMENT AND REMEDIATION ACTIVITIES | Water collection, treatment and supply | Water collection, treatment and supply | Water collection, treatment and supply",459
2,division,37,Sewerage,division:37,section:E,E,"WATER SUPPLY; SEWERAGE, WASTE MANAGEMENT AND REMEDIATION ACTIVITIES",37,Sewerage,,,,,E | 37,"WATER SUPPLY; SEWERAGE, WASTE MANAGEMENT AND REMEDIATION ACTIVITIES | Sewerage",460
3,group,37.0,Sewerage,group:37.0,division:37,E,"WATER SUPPLY; SEWERAGE, WASTE MANAGEMENT AND REMEDIATION ACTIVITIES",37,Sewerage,37.0,Sewerage,,,E | 37 | 37.0,"WATER SUPPLY; SEWERAGE, WASTE MANAGEMENT AND REMEDIATION ACTIVITIES | Sewerage | Sewerage",461
4,class,37.00,Sewerage,class:37.00,group:37.0,E,"WATER SUPPLY; SEWERAGE, WASTE MANAGEMENT AND REMEDIATION ACTIVITIES",37,Sewerage,37.0,Sewerage,37.00,Sewerage,E | 37 | 37.0 | 37.00,"WATER SUPPLY; SEWERAGE, WASTE MANAGEMENT AND REMEDIATION ACTIVITIES | Sewerage | Sewerage | Sewerage",462
2,division,38,"Waste collection, treatment and disposal activities; materials recovery",division:38,section:E,E,"WATER SUPPLY; SEWERAGE, WASTE MANAGEMENT AND REMEDIATION ACTIVITIES",38,"Waste collection, treatment and disposal activities; materials recovery",,,,,E | 38,"WATER SUPPLY; SEWERAGE, WASTE MANAGEMENT AND REMEDIATION ACTIVITIES | Waste collection, treatment and disposal activities; materials recovery",463
3,group,38.1,Waste collection,group:38.1,division:38,E,"WATER SUPPLY; SEWERAGE, WASTE MANAGEMENT AND REMEDIATION ACTIVITIES",38,"Waste collection, treatment and disposal activities; materials recovery",38.1,Waste collection,,,E | 38 | 38.1,"WATER SUPPLY; SEWERAGE, WASTE MANAGEMENT AND REMEDIATION ACTIVITIES | Waste collection, treatment and disposal activities; materials recovery | Waste collection",464
4,class,38.11,Collection of non-hazardous waste,class:38.11,group:38.1,E,"WATER SUPPLY; SEWERAGE, WASTE MANAGEMENT AND REMEDIATION ACTIVITIES",38,"Waste collection, treatment and disposal activities; materials recovery",38.1,Waste collection,38.11,Collection of non-hazardous waste,E | 38 | 38.1 | 38.11,"WATER SUPPLY; SEWERAGE, WASTE MANAGEMENT AND REMEDIATION ACTIVITIES | Waste collection, treatment and disposal activities; materials recovery | Waste collection | Collection of non-hazardous waste",465
4,class,38.12,Collection of hazardous waste,class:38.12,group:38.1,E,"WATER SUPPLY; SEWERAGE, WASTE MANAGEMENT AND REMEDIATION ACTIVITIES",38,"Waste collection, treatment and disposal activities; materials recovery",38.1,Waste collection,38.12,Collection of hazardous waste,E | 38 | 38.1 | 38.12,"WATER SUPPLY; SEWERAGE, WASTE MANAGEMENT AND REMEDIATION ACTIVITIES | Waste collection, treatment and disposal activities; materials recovery | Waste collection | Collection of hazardous waste",466
3,group,38.2,Waste treatment and disposal,group:38.2,division:38,E,"WATER SUPPLY; SEWERAGE, WASTE MANAGEMENT AND REMEDIATION ACTIVITIES",38,"Waste collection, treatment and disposal activities; materials recovery",38.2,Waste treatment and disposal,,,E | 38 | 38.2,"WATER SUPPLY; SEWERAGE, WASTE MANAGEMENT AND REMEDIATION ACTIVITIES | Waste collection, treatment and disposal activities; materials recovery | Waste treatment and disposal",467
4,class,38.21,Treatment and disposal of non-hazardous waste,class:38.21,group:38.2,E,"WATER SUPPLY; SEWERAGE, WASTE MANAGEMENT AND REMEDIATION ACTIVITIES",38,"Waste collection, treatment and disposal activities; materials recovery",38.2,Waste treatment and disposal,38.21,Treatment and disposal of non-hazardous waste,E | 38 | 38.2 | 38.21,"WATER SUPPLY; SEWERAGE, WASTE MANAGEMENT AND REMEDIATION ACTIVITIES | Waste collection, treatment and disposal activities; materials recovery | Waste treatment and disposal | Treatment and disposal of non-hazardous waste",468
4,class,38.22,Treatment and disposal of hazardous waste,class:38.22,group:38.2,E,"WATER SUPPLY; SEWERAGE, WASTE MANAGEMENT AND REMEDIATION ACTIVITIES",38,"Waste collection, treatment and disposal activities; materials recovery",38.2,Waste treatment and disposal,38.22,Treatment and disposal of hazardous waste,E | 38 | 38.2 | 38.22,"WATER SUPPLY; SEWERAGE, WASTE MANAGEMENT AND REMEDIATION ACTIVITIES | Waste collection, treatment and disposal activities; materials recovery | Waste treatment and disposal | Treatment and disposal of hazardous waste",469
3,group,38.3,Materials recovery,group:38.3,division:38,E,"WATER SUPPLY; SEWERAGE, WASTE MANAGEMENT AND REMEDIATION ACTIVITIES",38,"Waste collection, treatment and disposal activities; materials recovery",38.3,Materials recovery,,,E | 38 | 38.3,"WATER SUPPLY; SEWERAGE, WASTE MANAGEMENT AND REMEDIATION ACTIVITIES | Waste collection, treatment and disposal activities; materials recovery | Materials recovery",470
4,class,38.31,Dismantling of wrecks,class:38.31,group:38.3,E,"WATER SUPPLY; SEWERAGE, WASTE MANAGEMENT AND REMEDIATION ACTIVITIES",38,"Waste collection, treatment and disposal activities; materials recovery",38.3,Materials recovery,38.31,Dismantling of wrecks,E | 38 | 38.3 | 38.31,"WATER SUPPLY; SEWERAGE, WASTE MANAGEMENT AND REMEDIATION ACTIVITIES | Waste collection, treatment and disposal activities; materials recovery | Materials recovery | Dismantling of wrecks",471
4,class,38.32,Recovery of sorted materials,class:38.32,group:38.3,E,"WATER SUPPLY; SEWERAGE, WASTE MANAGEMENT AND REMEDIATION ACTIVITIES",38,"Waste collection, treatment and disposal activities; materials recovery",38.3,Materials recovery,38.32,Recovery of sorted materials,E | 38 | 38.3 | 38.32,"WATER SUPPLY; SEWERAGE, WASTE MANAGEMENT AND REMEDIATION ACTIVITIES | Waste collection, treatment and disposal activities; materials recovery | Materials recovery | Recovery of sorted materials",472
2,division,39,Remediation activities and other waste management services,division:39,section:E,E,"WATER SUPPLY; SEWERAGE, WASTE MANAGEMENT AND REMEDIATION ACTIVITIES",39,Remediation activities and other waste management services,,,,,E | 39,"WATER SUPPLY; SEWERAGE, WASTE MANAGEMENT AND REMEDIATION ACTIVITIES | Remediation activities and other waste management services",473
3,group,39.0,Remediation activities and other waste management services,group:39.0,division:39,E,"WATER SUPPLY; SEWERAGE, WASTE MANAGEMENT AND REMEDIATION ACTIVITIES",39,Remediation activities and other waste management services,39.0,Remediation activities and other waste management services,,,E | 39 | 39.0,"WATER SUPPLY; SEWERAGE, WASTE MANAGEMENT AND REMEDIATION ACTIVITIES | Remediation activities and other waste management services | Remediation activities and other waste management services",474
4,class,39.00,Remediation activities and other waste management services,class:39.00,group:39.0,E,"WATER SUPPLY; SEWERAGE, WASTE MANAGEMENT AND REMEDIATION ACTIVITIES",39,Remediation activities and other waste management services,39.0,Remediation activities and other waste management services,39.00,Remediation activities and other waste management services,E | 39 | 39.0 | 39.00,"WATER SUPPLY; SEWERAGE, WASTE MANAGEMENT AND REMEDIATION ACTIVITIES | Remediation activities and other waste management services | Remediation activities and other waste management services | Remediation activities and other waste management services",475
1,section,F,CONSTRUCTION,section:F,,F,CONSTRUCTION,,,,,,,F,CONSTRUCTION,476
2,division,41,Construction of buildings,division:41,section:F,F,CONSTRUCTION,41,Construction of buildings,,,,,F | 41,CONSTRUCTION | Construction of buildings,477
3,group,41.1,Development of building projects,group:41.1,division:41,F,CONSTRUCTION,41,Construction of buildings,41.1,Development of building projects,,,F | 41 | 41.1,CONSTRUCTION | Construction of buildings | Development of building projects,478
4,class,41.10,Development of building projects,class:41.10,group:41.1,F,CONSTRUCTION,41,Construction of buildings,41.1,Development of building projects,41.10,Development of building projects,F | 41 | 41.1 | 41.10,CONSTRUCTION | Construction of buildings | Development of building projects | Development of building projects,479
3,group,41.2,Construction of residential and non-residential buildings,group:41.2,division:41,F,CONSTRUCTION,41,Construction of buildings,41.2,Construction of residential and non-residential buildings,,,F | 41 | 41.2,CONSTRUCTION | Construction of buildings | Construction of residential and non-residential buildings,480
4,class,41.20,Construction of residential and non-residential buildings,class:41.20,group:41.2,F,CONSTRUCTION,41,Construction of buildings,41.2,Construction of residential and non-residential buildings,41.20,Construction of residential and non-residential buildings,F | 41 | 41.2 | 41.20,CONSTRUCTION | Construction of buildings | Construction of residential and non-residential buildings | Construction of residential and non-residential buildings,481
2,division,42,Civil engineering,division:42,section:F,F,CONSTRUCTION,42,Civil engineering,,,,,F | 42,CONSTRUCTION | Civil engineering,482
3,group,42.1,Construction of roads and railways,group:42.1,division:42,F,CONSTRUCTION,42,Civil engineering,42.1,Construction of roads and railways,,,F | 42 | 42.1,CONSTRUCTION | Civil engineering | Construction of roads and railways,483
4,class,42.11,Construction of roads and motorways,class:42.11,group:42.1,F,CONSTRUCTION,42,Civil engineering,42.1,Construction of roads and railways,42.11,Construction of roads and motorways,F | 42 | 42.1 | 42.11,CONSTRUCTION | Civil engineering | Construction of roads and railways | Construction of roads and motorways,484
4,class,42.12,Construction of railways and underground railways,class:42.12,group:42.1,F,CONSTRUCTION,42,Civil engineering,42.1,Construction of roads and railways,42.12,Construction of railways and underground railways,F | 42 | 42.1 | 42.12,CONSTRUCTION | Civil engineering | Construction of roads and railways | Construction of railways and underground railways,485
4,class,42.13,Construction of bridges and tunnels,class:42.13,group:42.1,F,CONSTRUCTION,42,Civil engineering,42.1,Construction of roads and railways,42.13,Construction of bridges and tunnels,F | 42 | 42.1 | 42.13,CONSTRUCTION | Civil engineering | Construction of roads and railways | Construction of bridges and tunnels,486
3,group,42.2,Construction of utility projects,group:42.2,division:42,F,CONSTRUCTION,42,Civil engineering,42.2,Construction of utility projects,,,F | 42 | 42.2,CONSTRUCTION | Civil engineering | Construction of utility projects,487
4,class,42.21,Construction of utility projects for fluids,class:42.21,group:42.2,F,CONSTRUCTION,42,Civil engineering,42.2,Construction of utility projects,42.21,Construction of utility projects for fluids,F | 42 | 42.2 | 42.21,CONSTRUCTION | Civil engineering | Construction of utility projects | Construction of utility projects for fluids,488
4,class,42.22,Construction of utility projects for electricity and telecommunications,class:42.22,group:42.2,F,CONSTRUCTION,42,Civil engineering,42.2,Construction of utility projects,42.22,Construction of utility projects for electricity and telecommunications,F | 42 | 42.2 | 42.22,CONSTRUCTION | Civil engineering | Construction of utility projects | Construction of utility projects for electricity and telecommunications,489
3,group,42.9,Construction of other civil engineering projects,group:42.9,division:42,F,CONSTRUCTION,42,Civil engineering,42.9,Construction of other civil engineering projects,,,F | 42 | 42.9,CONSTRUCTION | Civil engineering | Construction of other civil engineering projects,490
4,class,42.91,Construction of water projects,class:42.91,group:42.9,F,CONSTRUCTION,42,Civil engineering,42.9,Construction of other civil engineering projects,42.91,Construction of water projects,F | 42 | 42.9 | 42.91,CONSTRUCTION | Civil engineering | Construction of other civil engineering projects | Construction of water projects,491
4,class,42.99,Construction of other civil engineering projects n.e.c.,class:42.99,group:42.9,F,CONSTRUCTION,42,Civil engineering,42.9,Construction of other civil engineering projects,42.99,Construction of other civil engineering projects n.e.c.,F | 42 | 42.9 | 42.99,CONSTRUCTION | Civil engineering | Construction of other civil engineering projects | Construction of other civil engineering projects n.e.c.,492
2,division,43,Specialised construction activities,division:43,section:F,F,CONSTRUCTION,43,Specialised construction activities,,,,,F | 43,CONSTRUCTION | Specialised construction activities,493
3,group,43.1,Demolition and site preparation,group:43.1,division:43,F,CONSTRUCTION,43,Specialised construction activities,43.1,Demolition and site preparation,,,F | 43 | 43.1,CONSTRUCTION | Specialised construction activities | Demolition and site preparation,494
4,class,43.11,Demolition,class:43.11,group:43.1,F,CONSTRUCTION,43,Specialised construction activities,43.1,Demolition and site preparation,43.11,Demolition,F | 43 | 43.1 | 43.11,CONSTRUCTION | Specialised construction activities | Demolition and site preparation | Demolition,495
4,class,43.12,Site preparation,class:43.12,group:43.1,F,CONSTRUCTION,43,Specialised construction activities,43.1,Demolition and site preparation,43.12,Site preparation,F | 43 | 43.1 | 43.12,CONSTRUCTION | Specialised construction activities | Demolition and site preparation | Site preparation,496
4,class,43.13,Test drilling and boring,class:43.13,group:43.1,F,CONSTRUCTION,43,Specialised construction activities,43.1,Demolition and site preparation,43.13,Test drilling and boring,F | 43 | 43.1 | 43.13,CONSTRUCTION | Specialised construction activities | Demolition and site preparation | Test drilling and boring,497
3,group,43.2,"Electrical, plumbing and other construction installation activities",group:43.2,division:43,F,CONSTRUCTION,43,Specialised construction activities,43.2,"Electrical, plumbing and other construction installation activities",,,F | 43 | 43.2,"CONSTRUCTION | Specialised construction activities | Electrical, plumbing and other construction installation activities",498
4,class,43.21,Electrical installation,class:43.21,group:43.2,F,CONSTRUCTION,43,Specialised construction activities,43.2,"Electrical, plumbing and other construction installation activities",43.21,Electrical installation,F | 43 | 43.2 | 43.21,"CONSTRUCTION | Specialised construction activities | Electrical, plumbing and other construction installation activities | Electrical installation",499
4,class,43.22,"Plumbing, heat and air-conditioning installation",class:43.22,group:43.2,F,CONSTRUCTION,43,Specialised construction activities,43.2,"Electrical, plumbing and other construction installation activities",43.22,"Plumbing, heat and air-conditioning installation",F | 43 | 43.2 | 43.22,"CONSTRUCTION | Specialised construction activities | Electrical, plumbing and other construction installation activities | Plumbing, heat and air-conditioning installation",500
4,class,43.29,Other construction installation,class:43.29,group:43.2,F,CONSTRUCTION,43,Specialised construction activities,43.2,"Electrical, plumbing and other construction installation activities",43.29,Other construction installation,F | 43 | 43.2 | 43.29,"CONSTRUCTION | Specialised construction activities | Electrical, plumbing and other construction installation activities | Other construction installation",501
3,group,43.3,Building completion and finishing,group:43.3,division:43,F,CONSTRUCTION,43,Specialised construction activities,43.3,Building completion and finishing,,,F | 43 | 43.3,CONSTRUCTION | Specialised construction activities | Building completion and finishing,502
4,class,43.31,Plastering,class:43.31,group:43.3,F,CONSTRUCTION,43,Specialised construction activities,43.3,Building completion and finishing,43.31,Plastering,F | 43 | 43.3 | 43.31,CONSTRUCTION | Specialised construction activities | Building completion and finishing | Plastering,503
4,class,43.32,Joinery installation,class:43.32,group:43.3,F,CONSTRUCTION,43,Specialised construction activities,43.3,Building completion and finishing,43.32,Joinery installation,F | 43 | 43.3 | 43.32,CONSTRUCTION | Specialised construction activities | Building completion and finishing | Joinery installation,504
4,class,43.33,Floor and wall covering,class:43.33,group:43.3,F,CONSTRUCTION,43,Specialised construction activities,43.3,Building completion and finishing,43.33,Floor and wall covering,F | 43 | 43.3 | 43.33,CONSTRUCTION | Specialised construction activities | Building completion and finishing | Floor and wall covering,505
4,class,43.34,Painting and glazing,class:43.34,group:43.3,F,CONSTRUCTION,43,Specialised construction activities,43.3,Building completion and finishing,43.34,Painting and glazing,F | 43 | 43.3 | 43.34,CONSTRUCTION | Specialised construction activities | Building completion and finishing | Painting and glazing,506
4,class,43.39,Other building completion and finishing,class:43.39,group:43.3,F,CONSTRUCTION,43,Specialised construction activities,43.3,Building completion and finishing,43.39,Other building completion and finishing,F | 43 | 43.3 | 43.39,CONSTRUCTION | Specialised construction activities | Building completion and finishing | Other building completion and finishing,507
3,group,43.9,Other specialised construction activities,group:43.9,division:43,F,CONSTRUCTION,43,Specialised construction activities,43.9,Other specialised construction activities,,,F | 43 | 43.9,CONSTRUCTION | Specialised construction activities | Other specialised construction activities,508
4,class,43.91,Roofing activities,class:43.91,group:43.9,F,CONSTRUCTION,43,Specialised construction activities,43.9,Other specialised construction activities,43.91,Roofing activities,F | 43 | 43.9 | 43.91,CONSTRUCTION | Specialised construction activities | Other specialised construction activities | Roofing activities,509
4,class,43.99,Other specialised construction activities n.e.c.,class:43.99,group:43.9,F,CONSTRUCTION,43,Specialised construction activities,43.9,Other specialised construction activities,43.99,Other specialised construction activities n.e.c.,F | 43 | 43.9 | 43.99,CONSTRUCTION | Specialised construction activities | Other specialised construction activities | Other specialised construction activities n.e.c.,510
1,section,G,WHOLESALE AND RETAIL TRADE; REPAIR OF MOTOR VEHICLES AND MOTORCYCLES,section:G,,G,WHOLESALE AND RETAIL TRADE; REPAIR OF MOTOR VEHICLES AND MOTORCYCLES,,,,,,,G,WHOLESALE AND RETAIL TRADE; REPAIR OF MOTOR VEHICLES AND MOTORCYCLES,511
2,division,45,Wholesale and retail trade and repair of motor vehicles and motorcycles,division:45,section:G,G,WHOLESALE AND RETAIL TRADE; REPAIR OF MOTOR VEHICLES AND MOTORCYCLES,45,Wholesale and retail trade and repair of motor vehicles and motorcycles,,,,,G | 45,WHOLESALE AND RETAIL TRADE; REPAIR OF MOTOR VEHICLES AND MOTORCYCLES | Wholesale and retail trade and repair of motor vehicles and motorcycles,512
3,group,45.1,Sale of motor vehicles,group:45.1,division:45,G,WHOLESALE AND RETAIL TRADE; REPAIR OF MOTOR VEHICLES AND MOTORCYCLES,45,Wholesale and retail trade and repair of motor vehicles and motorcycles,45.1,Sale of motor vehicles,,,G | 45 | 45.1,WHOLESALE AND RETAIL TRADE; REPAIR OF MOTOR VEHICLES AND MOTORCYCLES | Wholesale and retail trade and repair of motor vehicles and motorcycles | Sale of motor vehicles,513
4,class,45.11,Sale of cars and light motor vehicles,class:45.11,group:45.1,G,WHOLESALE AND RETAIL TRADE; REPAIR OF MOTOR VEHICLES AND MOTORCYCLES,45,Wholesale and retail trade and repair of motor vehicles and motorcycles,45.1,Sale of motor vehicles,45.11,Sale of cars and light motor vehicles,G | 45 | 45.1 | 45.11,WHOLESALE AND RETAIL TRADE; REPAIR OF MOTOR VEHICLES AND MOTORCYCLES | Wholesale and retail trade and repair of motor vehicles and motorcycles | Sale of motor vehicles | Sale of cars and light motor vehicles,514
4,class,45.19,Sale of other motor vehicles,class:45.19,group:45.1,G,WHOLESALE AND RETAIL TRADE; REPAIR OF MOTOR VEHICLES AND MOTORCYCLES,45,Wholesale and retail trade and repair of motor vehicles and motorcycles,45.1,Sale of motor vehicles,45.19,Sale of other motor vehicles,G | 45 | 45.1 | 45.19,WHOLESALE AND RETAIL TRADE; REPAIR OF MOTOR VEHICLES AND MOTORCYCLES | Wholesale and retail trade and repair of motor vehicles and motorcycles | Sale of motor vehicles | Sale of other motor vehicles,515
3,group,45.2,Maintenance and repair of motor vehicles,group:45.2,division:45,G,WHOLESALE AND RETAIL TRADE; REPAIR OF MOTOR VEHICLES AND MOTORCYCLES,45,Wholesale and retail trade and repair of motor vehicles and motorcycles,45.2,Maintenance and repair of motor vehicles,,,G | 45 | 45.2,WHOLESALE AND RETAIL TRADE; REPAIR OF MOTOR VEHICLES AND MOTORCYCLES | Wholesale and retail trade and repair of motor vehicles and motorcycles | Maintenance and repair of motor vehicles,516
4,class,45.20,Maintenance and repair of motor vehicles,class:45.20,group:45.2,G,WHOLESALE AND RETAIL TRADE; REPAIR OF MOTOR VEHICLES AND MOTORCYCLES,45,Wholesale and retail trade and repair of motor vehicles and motorcycles,45.2,Maintenance and repair of motor vehicles,45.20,Maintenance and repair of motor vehicles,G | 45 | 45.2 | 45.20,WHOLESALE AND RETAIL TRADE; REPAIR OF MOTOR VEHICLES AND MOTORCYCLES | Wholesale and retail trade and repair of motor vehicles and motorcycles | Maintenance and repair of motor vehicles | Maintenance and repair of motor vehicles,517
3,group,45.3,Sale of motor vehicle parts and accessories,group:45.3,division:45,G,WHOLESALE AND RETAIL TRADE; REPAIR OF MOTOR VEHICLES AND MOTORCYCLES,45,Wholesale and retail trade and repair of motor vehicles and motorcycles,45.3,Sale of motor vehicle parts and accessories,,,G | 45 | 45.3,WHOLESALE AND RETAIL TRADE; REPAIR OF MOTOR VEHICLES AND MOTORCYCLES | Wholesale and retail trade and repair of motor vehicles and motorcycles | Sale of motor vehicle parts and accessories,518
4,class,45.31,Wholesale trade of motor vehicle parts and accessories,class:45.31,group:45.3,G,WHOLESALE AND RETAIL TRADE; REPAIR OF MOTOR VEHICLES AND MOTORCYCLES,45,Wholesale and retail trade and repair of motor vehicles and motorcycles,45.3,Sale of motor vehicle parts and accessories,45.31,Wholesale trade of motor vehicle parts and accessories,G | 45 | 45.3 | 45.31,WHOLESALE AND RETAIL TRADE; REPAIR OF MOTOR VEHICLES AND MOTORCYCLES | Wholesale and retail trade and repair of motor vehicles and motorcycles | Sale of motor vehicle parts and accessories | Wholesale trade of motor vehicle parts and accessories,519
4,class,45.32,Retail trade of motor vehicle parts and accessories,class:45.32,group:45.3,G,WHOLESALE AND RETAIL TRADE; REPAIR OF MOTOR VEHICLES AND MOTORCYCLES,45,Wholesale and retail trade and repair of motor vehicles and motorcycles,45.3,Sale of motor vehicle parts and accessories,45.32,Retail trade of motor vehicle parts and accessories,G | 45 | 45.3 | 45.32,WHOLESALE AND RETAIL TRADE; REPAIR OF MOTOR VEHICLES AND MOTORCYCLES | Wholesale and retail trade and repair of motor vehicles and motorcycles | Sale of motor vehicle parts and accessories | Retail trade of motor vehicle parts and accessories,520
3,group,45.4,"Sale, maintenance and repair of motorcycles and related parts and accessories",group:45.4,division:45,G,WHOLESALE AND RETAIL TRADE; REPAIR OF MOTOR VEHICLES AND MOTORCYCLES,45,Wholesale and retail trade and repair of motor vehicles and motorcycles,45.4,"Sale, maintenance and repair of motorcycles and related parts and accessories",,,G | 45 | 45.4,"WHOLESALE AND RETAIL TRADE; REPAIR OF MOTOR VEHICLES AND MOTORCYCLES | Wholesale and retail trade and repair of motor vehicles and motorcycles | Sale, maintenance and repair of motorcycles and related parts and accessories",521
4,class,45.40,"Sale, maintenance and repair of motorcycles and related parts and accessories",class:45.40,group:45.4,G,WHOLESALE AND RETAIL TRADE; REPAIR OF MOTOR VEHICLES AND MOTORCYCLES,45,Wholesale and retail trade and repair of motor vehicles and motorcycles,45.4,"Sale, maintenance and repair of motorcycles and related parts and accessories",45.40,"Sale, maintenance and repair of motorcycles and related parts and accessories",G | 45 | 45.4 | 45.40,"WHOLESALE AND RETAIL TRADE; REPAIR OF MOTOR VEHICLES AND MOTORCYCLES | Wholesale and retail trade and repair of motor vehicles and motorcycles | Sale, maintenance and repair of motorcycles and related parts and accessories | Sale, maintenance and repair of motorcycles and related parts and accessories",522
2,division,46,"Wholesale trade, except of motor vehicles and motorcycles",division:46,section:G,G,WHOLESALE AND RETAIL TRADE; REPAIR OF MOTOR VEHICLES AND MOTORCYCLES,46,"Wholesale trade, except of motor vehicles and motorcycles",,,,,G | 46,"WHOLESALE AND RETAIL TRADE; REPAIR OF MOTOR VEHICLES AND MOTORCYCLES | Wholesale trade, except of motor vehicles and motorcycles",523
3,group,46.1,Wholesale on a fee or contract basis,group:46.1,division:46,G,WHOLESALE AND RETAIL TRADE; REPAIR OF MOTOR VEHICLES AND MOTORCYCLES,46,"Wholesale trade, except of motor vehicles and motorcycles",46.1,Wholesale on a fee or contract basis,,,G | 46 | 46.1,"WHOLESALE AND RETAIL TRADE; REPAIR OF MOTOR VEHICLES AND MOTORCYCLES | Wholesale trade, except of motor vehicles and motorcycles | Wholesale on a fee or contract basis",524
4,class,46.11,"Agents involved in the sale of agricultural raw materials, live animals, textile raw materials and semi-finished goods",class:46.11,group:46.1,G,WHOLESALE AND RETAIL TRADE; REPAIR OF MOTOR VEHICLES AND MOTORCYCLES,46,"Wholesale trade, except of motor vehicles and motorcycles",46.1,Wholesale on a fee or contract basis,46.11,"Agents involved in the sale of agricultural raw materials, live animals, textile raw materials and semi-finished goods",G | 46 | 46.1 | 46.11,"WHOLESALE AND RETAIL TRADE; REPAIR OF MOTOR VEHICLES AND MOTORCYCLES | Wholesale trade, except of motor vehicles and motorcycles | Wholesale on a fee or contract basis | Agents involved in the sale of agricultural raw materials, live animals, textile raw materials and semi-finished goods",525
4,class,46.12,"Agents involved in the sale of fuels, ores, metals and industrial chemicals",class:46.12,group:46.1,G,WHOLESALE AND RETAIL TRADE; REPAIR OF MOTOR VEHICLES AND MOTORCYCLES,46,"Wholesale trade, except of motor vehicles and motorcycles",46.1,Wholesale on a fee or contract basis,46.12,"Agents involved in the sale of fuels, ores, metals and industrial chemicals",G | 46 | 46.1 | 46.12,"WHOLESALE AND RETAIL TRADE; REPAIR OF MOTOR VEHICLES AND MOTORCYCLES | Wholesale trade, except of motor vehicles and motorcycles | Wholesale on a fee or contract basis | Agents involved in the sale of fuels, ores, metals and industrial chemicals",526
4,class,46.13,Agents involved in the sale of timber and building materials,class:46.13,group:46.1,G,WHOLESALE AND RETAIL TRADE; REPAIR OF MOTOR VEHICLES AND MOTORCYCLES,46,"Wholesale trade, except of motor vehicles and motorcycles",46.1,Wholesale on a fee or contract basis,46.13,Agents involved in the sale of timber and building materials,G | 46 | 46.1 | 46.13,"WHOLESALE AND RETAIL TRADE; REPAIR OF MOTOR VEHICLES AND MOTORCYCLES | Wholesale trade, except of motor vehicles and motorcycles | Wholesale on a fee or contract basis | Agents involved in the sale of timber and building materials",527
4,class,46.14,"Agents involved in the sale of machinery, industrial equipment, ships and aircraft",class:46.14,group:46.1,G,WHOLESALE AND RETAIL TRADE; REPAIR OF MOTOR VEHICLES AND MOTORCYCLES,46,"Wholesale trade, except of motor vehicles and motorcycles",46.1,Wholesale on a fee or contract basis,46.14,"Agents involved in the sale of machinery, industrial equipment, ships and aircraft",G | 46 | 46.1 | 46.14,"WHOLESALE AND RETAIL TRADE; REPAIR OF MOTOR VEHICLES AND MOTORCYCLES | Wholesale trade, except of motor vehicles and motorcycles | Wholesale on a fee or contract basis | Agents involved in the sale of machinery, industrial equipment, ships and aircraft",528
4,class,46.15,"Agents involved in the sale of furniture, household goods, hardware and ironmongery",class:46.15,group:46.1,G,WHOLESALE AND RETAIL TRADE; REPAIR OF MOTOR VEHICLES AND MOTORCYCLES,46,"Wholesale trade, except of motor vehicles and motorcycles",46.1,Wholesale on a fee or contract basis,46.15,"Agents involved in the sale of furniture, household goods, hardware and ironmongery",G | 46 | 46.1 | 46.15,"WHOLESALE AND RETAIL TRADE; REPAIR OF MOTOR VEHICLES AND MOTORCYCLES | Wholesale trade, except of motor vehicles and motorcycles | Wholesale on a fee or contract basis | Agents involved in the sale of furniture, household goods, hardware and ironmongery",529
4,class,46.16,"Agents involved in the sale of textiles, clothing, fur, footwear and leather goods",class:46.16,group:46.1,G,WHOLESALE AND RETAIL TRADE; REPAIR OF MOTOR VEHICLES AND MOTORCYCLES,46,"Wholesale trade, except of motor vehicles and motorcycles",46.1,Wholesale on a fee or contract basis,46.16,"Agents involved in the sale of textiles, clothing, fur, footwear and leather goods",G | 46 | 46.1 | 46.16,"WHOLESALE AND RETAIL TRADE; REPAIR OF MOTOR VEHICLES AND MOTORCYCLES | Wholesale trade, except of motor vehicles and motorcycles | Wholesale on a fee or contract basis | Agents involved in the sale of textiles, clothing, fur, footwear and leather goods",530
4,class,46.17,"Agents involved in the sale of food, beverages and tobacco",class:46.17,group:46.1,G,WHOLESALE AND RETAIL TRADE; REPAIR OF MOTOR VEHICLES AND MOTORCYCLES,46,"Wholesale trade, except of motor vehicles and motorcycles",46.1,Wholesale on a fee or contract basis,46.17,"Agents involved in the sale of food, beverages and tobacco",G | 46 | 46.1 | 46.17,"WHOLESALE AND RETAIL TRADE; REPAIR OF MOTOR VEHICLES AND MOTORCYCLES | Wholesale trade, except of motor vehicles and motorcycles | Wholesale on a fee or contract basis | Agents involved in the sale of food, beverages and tobacco",531
4,class,46.18,Agents specialised in the sale of other particular products,class:46.18,group:46.1,G,WHOLESALE AND RETAIL TRADE; REPAIR OF MOTOR VEHICLES AND MOTORCYCLES,46,"Wholesale trade, except of motor vehicles and motorcycles",46.1,Wholesale on a fee or contract basis,46.18,Agents specialised in the sale of other particular products,G | 46 | 46.1 | 46.18,"WHOLESALE AND RETAIL TRADE; REPAIR OF MOTOR VEHICLES AND MOTORCYCLES | Wholesale trade, except of motor vehicles and motorcycles | Wholesale on a fee or contract basis | Agents specialised in the sale of other particular products",532
4,class,46.19,Agents involved in the sale of a variety of goods,class:46.19,group:46.1,G,WHOLESALE AND RETAIL TRADE; REPAIR OF MOTOR VEHICLES AND MOTORCYCLES,46,"Wholesale trade, except of motor vehicles and motorcycles",46.1,Wholesale on a fee or contract basis,46.19,Agents involved in the sale of a variety of goods,G | 46 | 46.1 | 46.19,"WHOLESALE AND RETAIL TRADE; REPAIR OF MOTOR VEHICLES AND MOTORCYCLES | Wholesale trade, except of motor vehicles and motorcycles | Wholesale on a fee or contract basis | Agents involved in the sale of a variety of goods",533
3,group,46.2,Wholesale of agricultural raw materials and live animals,group:46.2,division:46,G,WHOLESALE AND RETAIL TRADE; REPAIR OF MOTOR VEHICLES AND MOTORCYCLES,46,"Wholesale trade, except of motor vehicles and motorcycles",46.2,Wholesale of agricultural raw materials and live animals,,,G | 46 | 46.2,"WHOLESALE AND RETAIL TRADE; REPAIR OF MOTOR VEHICLES AND MOTORCYCLES | Wholesale trade, except of motor vehicles and motorcycles | Wholesale of agricultural raw materials and live animals",534
4,class,46.21,"Wholesale of grain, unmanufactured tobacco, seeds and animal feeds",class:46.21,group:46.2,G,WHOLESALE AND RETAIL TRADE; REPAIR OF MOTOR VEHICLES AND MOTORCYCLES,46,"Wholesale trade, except of motor vehicles and motorcycles",46.2,Wholesale of agricultural raw materials and live animals,46.21,"Wholesale of grain, unmanufactured tobacco, seeds and animal feeds",G | 46 | 46.2 | 46.21,"WHOLESALE AND RETAIL TRADE; REPAIR OF MOTOR VEHICLES AND MOTORCYCLES | Wholesale trade, except of motor vehicles and motorcycles | Wholesale of agricultural raw materials and live animals | Wholesale of grain, unmanufactured tobacco, seeds and animal feeds",535
4,class,46.22,Wholesale of flowers and plants,class:46.22,group:46.2,G,WHOLESALE AND RETAIL TRADE; REPAIR OF MOTOR VEHICLES AND MOTORCYCLES,46,"Wholesale trade, except of motor vehicles and motorcycles",46.2,Wholesale of agricultural raw materials and live animals,46.22,Wholesale of flowers and plants,G | 46 | 46.2 | 46.22,"WHOLESALE AND RETAIL TRADE; REPAIR OF MOTOR VEHICLES AND MOTORCYCLES | Wholesale trade, except of motor vehicles and motorcycles | Wholesale of agricultural raw materials and live animals | Wholesale of flowers and plants",536
4,class,46.23,Wholesale of live animals,class:46.23,group:46.2,G,WHOLESALE AND RETAIL TRADE; REPAIR OF MOTOR VEHICLES AND MOTORCYCLES,46,"Wholesale trade, except of motor vehicles and motorcycles",46.2,Wholesale of agricultural raw materials and live animals,46.23,Wholesale of live animals,G | 46 | 46.2 | 46.23,"WHOLESALE AND RETAIL TRADE; REPAIR OF MOTOR VEHICLES AND MOTORCYCLES | Wholesale trade, except of motor vehicles and motorcycles | Wholesale of agricultural raw materials and live animals | Wholesale of live animals",537
4,class,46.24,"Wholesale of hides, skins and leather",class:46.24,group:46.2,G,WHOLESALE AND RETAIL TRADE; REPAIR OF MOTOR VEHICLES AND MOTORCYCLES,46,"Wholesale trade, except of motor vehicles and motorcycles",46.2,Wholesale of agricultural raw materials and live animals,46.24,"Wholesale of hides, skins and leather",G | 46 | 46.2 | 46.24,"WHOLESALE AND RETAIL TRADE; REPAIR OF MOTOR VEHICLES AND MOTORCYCLES | Wholesale trade, except of motor vehicles and motorcycles | Wholesale of agricultural raw materials and live animals | Wholesale of hides, skins and leather",538
3,group,46.3,"Wholesale of food, beverages and tobacco",group:46.3,division:46,G,WHOLESALE AND RETAIL TRADE; REPAIR OF MOTOR VEHICLES AND MOTORCYCLES,46,"Wholesale trade, except of motor vehicles and motorcycles",46.3,"Wholesale of food, beverages and tobacco",,,G | 46 | 46.3,"WHOLESALE AND RETAIL TRADE; REPAIR OF MOTOR VEHICLES AND MOTORCYCLES | Wholesale trade, except of motor vehicles and motorcycles | Wholesale of food, beverages and tobacco",539
4,class,46.31,Wholesale of fruit and vegetables,class:46.31,group:46.3,G,WHOLESALE AND RETAIL TRADE; REPAIR OF MOTOR VEHICLES AND MOTORCYCLES,46,"Wholesale trade, except of motor vehicles and motorcycles",46.3,"Wholesale of food, beverages and tobacco",46.31,Wholesale of fruit and vegetables,G | 46 | 46.3 | 46.31,"WHOLESALE AND RETAIL TRADE; REPAIR OF MOTOR VEHICLES AND MOTORCYCLES | Wholesale trade, except of motor vehicles and motorcycles | Wholesale of food, beverages and tobacco | Wholesale of fruit and vegetables",540
4,class,46.32,Wholesale of meat and meat products,class:46.32,group:46.3,G,WHOLESALE AND RETAIL TRADE; REPAIR OF MOTOR VEHICLES AND MOTORCYCLES,46,"Wholesale trade, except of motor vehicles and motorcycles",46.3,"Wholesale of food, beverages and tobacco",46.32,Wholesale of meat and meat products,G | 46 | 46.3 | 46.32,"WHOLESALE AND RETAIL TRADE; REPAIR OF MOTOR VEHICLES AND MOTORCYCLES | Wholesale trade, except of motor vehicles and motorcycles | Wholesale of food, beverages and tobacco | Wholesale of meat and meat products",541
4,class,46.33,"Wholesale of dairy products, eggs and edible oils and fats",class:46.33,group:46.3,G,WHOLESALE AND RETAIL TRADE; REPAIR OF MOTOR VEHICLES AND MOTORCYCLES,46,"Wholesale trade, except of motor vehicles and motorcycles",46.3,"Wholesale of food, beverages and tobacco",46.33,"Wholesale of dairy products, eggs and edible oils and fats",G | 46 | 46.3 | 46.33,"WHOLESALE AND RETAIL TRADE; REPAIR OF MOTOR VEHICLES AND MOTORCYCLES | Wholesale trade, except of motor vehicles and motorcycles | Wholesale of food, beverages and tobacco | Wholesale of dairy products, eggs and edible oils and fats",542
4,class,46.34,Wholesale of beverages,class:46.34,group:46.3,G,WHOLESALE AND RETAIL TRADE; REPAIR OF MOTOR VEHICLES AND MOTORCYCLES,46,"Wholesale trade, except of motor vehicles and motorcycles",46.3,"Wholesale of food, beverages and tobacco",46.34,Wholesale of beverages,G | 46 | 46.3 | 46.34,"WHOLESALE AND RETAIL TRADE; REPAIR OF MOTOR VEHICLES AND MOTORCYCLES | Wholesale trade, except of motor vehicles and motorcycles | Wholesale of food, beverages and tobacco | Wholesale of beverages",543
4,class,46.35,Wholesale of tobacco products,class:46.35,group:46.3,G,WHOLESALE AND RETAIL TRADE; REPAIR OF MOTOR VEHICLES AND MOTORCYCLES,46,"Wholesale trade, except of motor vehicles and motorcycles",46.3,"Wholesale of food, beverages and tobacco",46.35,Wholesale of tobacco products,G | 46 | 46.3 | 46.35,"WHOLESALE AND RETAIL TRADE; REPAIR OF MOTOR VEHICLES AND MOTORCYCLES | Wholesale trade, except of motor vehicles and motorcycles | Wholesale of food, beverages and tobacco | Wholesale of tobacco products",544
4,class,46.36,Wholesale of sugar and chocolate and sugar confectionery,class:46.36,group:46.3,G,WHOLESALE AND RETAIL TRADE; REPAIR OF MOTOR VEHICLES AND MOTORCYCLES,46,"Wholesale trade, except of motor vehicles and motorcycles",46.3,"Wholesale of food, beverages and tobacco",46.36,Wholesale of sugar and chocolate and sugar confectionery,G | 46 | 46.3 | 46.36,"WHOLESALE AND RETAIL TRADE; REPAIR OF MOTOR VEHICLES AND MOTORCYCLES | Wholesale trade, except of motor vehicles and motorcycles | Wholesale of food, beverages and tobacco | Wholesale of sugar and chocolate and sugar confectionery",545
4,class,46.37,"Wholesale of coffee, tea, cocoa and spices",class:46.37,group:46.3,G,WHOLESALE AND RETAIL TRADE; REPAIR OF MOTOR VEHICLES AND MOTORCYCLES,46,"Wholesale trade, except of motor vehicles and motorcycles",46.3,"Wholesale of food, beverages and tobacco",46.37,"Wholesale of coffee, tea, cocoa and spices",G | 46 | 46.3 | 46.37,"WHOLESALE AND RETAIL TRADE; REPAIR OF MOTOR VEHICLES AND MOTORCYCLES | Wholesale trade, except of motor vehicles and motorcycles | Wholesale of food, beverages and tobacco | Wholesale of coffee, tea, cocoa and spices",546
4,class,46.38,"Wholesale of other food, including fish, crustaceans and molluscs",class:46.38,group:46.3,G,WHOLESALE AND RETAIL TRADE; REPAIR OF MOTOR VEHICLES AND MOTORCYCLES,46,"Wholesale trade, except of motor vehicles and motorcycles",46.3,"Wholesale of food, beverages and tobacco",46.38,"Wholesale of other food, including fish, crustaceans and molluscs",G | 46 | 46.3 | 46.38,"WHOLESALE AND RETAIL TRADE; REPAIR OF MOTOR VEHICLES AND MOTORCYCLES | Wholesale trade, except of motor vehicles and motorcycles | Wholesale of food, beverages and tobacco | Wholesale of other food, including fish, crustaceans and molluscs",547
4,class,46.39,"Non-specialised wholesale of food, beverages and tobacco",class:46.39,group:46.3,G,WHOLESALE AND RETAIL TRADE; REPAIR OF MOTOR VEHICLES AND MOTORCYCLES,46,"Wholesale trade, except of motor vehicles and motorcycles",46.3,"Wholesale of food, beverages and tobacco",46.39,"Non-specialised wholesale of food, beverages and tobacco",G | 46 | 46.3 | 46.39,"WHOLESALE AND RETAIL TRADE; REPAIR OF MOTOR VEHICLES AND MOTORCYCLES | Wholesale trade, except of motor vehicles and motorcycles | Wholesale of food, beverages and tobacco | Non-specialised wholesale of food, beverages and tobacco",548
3,group,46.4,Wholesale of household goods,group:46.4,division:46,G,WHOLESALE AND RETAIL TRADE; REPAIR OF MOTOR VEHICLES AND MOTORCYCLES,46,"Wholesale trade, except of motor vehicles and motorcycles",46.4,Wholesale of household goods,,,G | 46 | 46.4,"WHOLESALE AND RETAIL TRADE; REPAIR OF MOTOR VEHICLES AND MOTORCYCLES | Wholesale trade, except of motor vehicles and motorcycles | Wholesale of household goods",549
4,class,46.41,Wholesale of textiles,class:46.41,group:46.4,G,WHOLESALE AND RETAIL TRADE; REPAIR OF MOTOR VEHICLES AND MOTORCYCLES,46,"Wholesale trade, except of motor vehicles and motorcycles",46.4,Wholesale of household goods,46.41,Wholesale of textiles,G | 46 | 46.4 | 46.41,"WHOLESALE AND RETAIL TRADE; REPAIR OF MOTOR VEHICLES AND MOTORCYCLES | Wholesale trade, except of motor vehicles and motorcycles | Wholesale of household goods | Wholesale of textiles",550
4,class,46.42,Wholesale of clothing and footwear,class:46.42,group:46.4,G,WHOLESALE AND RETAIL TRADE; REPAIR OF MOTOR VEHICLES AND MOTORCYCLES,46,"Wholesale trade, except of motor vehicles and motorcycles",46.4,Wholesale of household goods,46.42,Wholesale of clothing and footwear,G | 46 | 46.4 | 46.42,"WHOLESALE AND RETAIL TRADE; REPAIR OF MOTOR VEHICLES AND MOTORCYCLES | Wholesale trade, except of motor vehicles and motorcycles | Wholesale of household goods | Wholesale of clothing and footwear",551
4,class,46.43,Wholesale of electrical household appliances,class:46.43,group:46.4,G,WHOLESALE AND RETAIL TRADE; REPAIR OF MOTOR VEHICLES AND MOTORCYCLES,46,"Wholesale trade, except of motor vehicles and motorcycles",46.4,Wholesale of household goods,46.43,Wholesale of electrical household appliances,G | 46 | 46.4 | 46.43,"WHOLESALE AND RETAIL TRADE; REPAIR OF MOTOR VEHICLES AND MOTORCYCLES | Wholesale trade, except of motor vehicles and motorcycles | Wholesale of household goods | Wholesale of electrical household appliances",552
4,class,46.44,Wholesale of china and glassware and cleaning materials,class:46.44,group:46.4,G,WHOLESALE AND RETAIL TRADE; REPAIR OF MOTOR VEHICLES AND MOTORCYCLES,46,"Wholesale trade, except of motor vehicles and motorcycles",46.4,Wholesale of household goods,46.44,Wholesale of china and glassware and cleaning materials,G | 46 | 46.4 | 46.44,"WHOLESALE AND RETAIL TRADE; REPAIR OF MOTOR VEHICLES AND MOTORCYCLES | Wholesale trade, except of motor vehicles and motorcycles | Wholesale of household goods | Wholesale of china and glassware and cleaning materials",553
4,class,46.45,Wholesale of perfume and cosmetics,class:46.45,group:46.4,G,WHOLESALE AND RETAIL TRADE; REPAIR OF MOTOR VEHICLES AND MOTORCYCLES,46,"Wholesale trade, except of motor vehicles and motorcycles",46.4,Wholesale of household goods,46.45,Wholesale of perfume and cosmetics,G | 46 | 46.4 | 46.45,"WHOLESALE AND RETAIL TRADE; REPAIR OF MOTOR VEHICLES AND MOTORCYCLES | Wholesale trade, except of motor vehicles and motorcycles | Wholesale of household goods | Wholesale of perfume and cosmetics",554
4,class,46.46,Wholesale of pharmaceutical goods,class:46.46,group:46.4,G,WHOLESALE AND RETAIL TRADE; REPAIR OF MOTOR VEHICLES AND MOTORCYCLES,46,"Wholesale trade, except of motor vehicles and motorcycles",46.4,Wholesale of household goods,46.46,Wholesale of pharmaceutical goods,G | 46 | 46.4 | 46.46,"WHOLESALE AND RETAIL TRADE; REPAIR OF MOTOR VEHICLES AND MOTORCYCLES | Wholesale trade, except of motor vehicles and motorcycles | Wholesale of household goods | Wholesale of pharmaceutical goods",555
4,class,46.47,"Wholesale of furniture, carpets and lighting equipment",class:46.47,group:46.4,G,WHOLESALE AND RETAIL TRADE; REPAIR OF MOTOR VEHICLES AND MOTORCYCLES,46,"Wholesale trade, except of motor vehicles and motorcycles",46.4,Wholesale of household goods,46.47,"Wholesale of furniture, carpets and lighting equipment",G | 46 | 46.4 | 46.47,"WHOLESALE AND RETAIL TRADE; REPAIR OF MOTOR VEHICLES AND MOTORCYCLES | Wholesale trade, except of motor vehicles and motorcycles | Wholesale of household goods | Wholesale of furniture, carpets and lighting equipment",556
4,class,46.48,Wholesale of watches and jewellery,class:46.48,group:46.4,G,WHOLESALE AND RETAIL TRADE; REPAIR OF MOTOR VEHICLES AND MOTORCYCLES,46,"Wholesale trade, except of motor vehicles and motorcycles",46.4,Wholesale of household goods,46.48,Wholesale of watches and jewellery,G | 46 | 46.4 | 46.48,"WHOLESALE AND RETAIL TRADE; REPAIR OF MOTOR VEHICLES AND MOTORCYCLES | Wholesale trade, except of motor vehicles and motorcycles | Wholesale of household goods | Wholesale of watches and jewellery",557
4,class,46.49,Wholesale of other household goods,class:46.49,group:46.4,G,WHOLESALE AND RETAIL TRADE; REPAIR OF MOTOR VEHICLES AND MOTORCYCLES,46,"Wholesale trade, except of motor vehicles and motorcycles",46.4,Wholesale of household goods,46.49,Wholesale of other household goods,G | 46 | 46.4 | 46.49,"WHOLESALE AND RETAIL TRADE; REPAIR OF MOTOR VEHICLES AND MOTORCYCLES | Wholesale trade, except of motor vehicles and motorcycles | Wholesale of household goods | Wholesale of other household goods",558
3,group,46.5,Wholesale of information and communication equipment,group:46.5,division:46,G,WHOLESALE AND RETAIL TRADE; REPAIR OF MOTOR VEHICLES AND MOTORCYCLES,46,"Wholesale trade, except of motor vehicles and motorcycles",46.5,Wholesale of information and communication equipment,,,G | 46 | 46.5,"WHOLESALE AND RETAIL TRADE; REPAIR OF MOTOR VEHICLES AND MOTORCYCLES | Wholesale trade, except of motor vehicles and motorcycles | Wholesale of information and communication equipment",559
4,class,46.51,"Wholesale of computers, computer peripheral equipment and software",class:46.51,group:46.5,G,WHOLESALE AND RETAIL TRADE; REPAIR OF MOTOR VEHICLES AND MOTORCYCLES,46,"Wholesale trade, except of motor vehicles and motorcycles",46.5,Wholesale of information and communication equipment,46.51,"Wholesale of computers, computer peripheral equipment and software",G | 46 | 46.5 | 46.51,"WHOLESALE AND RETAIL TRADE; REPAIR OF MOTOR VEHICLES AND MOTORCYCLES | Wholesale trade, except of motor vehicles and motorcycles | Wholesale of information and communication equipment | Wholesale of computers, computer peripheral equipment and software",560
4,class,46.52,Wholesale of electronic and telecommunications equipment and parts,class:46.52,group:46.5,G,WHOLESALE AND RETAIL TRADE; REPAIR OF MOTOR VEHICLES AND MOTORCYCLES,46,"Wholesale trade, except of motor vehicles and motorcycles",46.5,Wholesale of information and communication equipment,46.52,Wholesale of electronic and telecommunications equipment and parts,G | 46 | 46.5 | 46.52,"WHOLESALE AND RETAIL TRADE; REPAIR OF MOTOR VEHICLES AND MOTORCYCLES | Wholesale trade, except of motor vehicles and motorcycles | Wholesale of information and communication equipment | Wholesale of electronic and telecommunications equipment and parts",561
3,group,46.6,"Wholesale of other machinery, equipment and supplies",group:46.6,division:46,G,WHOLESALE AND RETAIL TRADE; REPAIR OF MOTOR VEHICLES AND MOTORCYCLES,46,"Wholesale trade, except of motor vehicles and motorcycles",46.6,"Wholesale of other machinery, equipment and supplies",,,G | 46 | 46.6,"WHOLESALE AND RETAIL TRADE; REPAIR OF MOTOR VEHICLES AND MOTORCYCLES | Wholesale trade, except of motor vehicles and motorcycles | Wholesale of other machinery, equipment and supplies",562
4,class,46.61,"Wholesale of agricultural machinery, equipment and supplies",class:46.61,group:46.6,G,WHOLESALE AND RETAIL TRADE; REPAIR OF MOTOR VEHICLES AND MOTORCYCLES,46,"Wholesale trade, except of motor vehicles and motorcycles",46.6,"Wholesale of other machinery, equipment and supplies",46.61,"Wholesale of agricultural machinery, equipment and supplies",G | 46 | 46.6 | 46.61,"WHOLESALE AND RETAIL TRADE; REPAIR OF MOTOR VEHICLES AND MOTORCYCLES | Wholesale trade, except of motor vehicles and motorcycles | Wholesale of other machinery, equipment and supplies | Wholesale of agricultural machinery, equipment and supplies",563
4,class,46.62,Wholesale of machine tools,class:46.62,group:46.6,G,WHOLESALE AND RETAIL TRADE; REPAIR OF MOTOR VEHICLES AND MOTORCYCLES,46,"Wholesale trade, except of motor vehicles and motorcycles",46.6,"Wholesale of other machinery, equipment and supplies",46.62,Wholesale of machine tools,G | 46 | 46.6 | 46.62,"WHOLESALE AND RETAIL TRADE; REPAIR OF MOTOR VEHICLES AND MOTORCYCLES | Wholesale trade, except of motor vehicles and motorcycles | Wholesale of other machinery, equipment and supplies | Wholesale of machine tools",564
4,class,46.63,"Wholesale of mining, construction and civil engineering machinery",class:46.63,group:46.6,G,WHOLESALE AND RETAIL TRADE; REPAIR OF MOTOR VEHICLES AND MOTORCYCLES,46,"Wholesale trade, except of motor vehicles and motorcycles",46.6,"Wholesale of other machinery, equipment and supplies",46.63,"Wholesale of mining, construction and civil engineering machinery",G | 46 | 46.6 | 46.63,"WHOLESALE AND RETAIL TRADE; REPAIR OF MOTOR VEHICLES AND MOTORCYCLES | Wholesale trade, except of motor vehicles and motorcycles | Wholesale of other machinery, equipment and supplies | Wholesale of mining, construction and civil engineering machinery",565
4,class,46.64,Wholesale of machinery for the textile industry and of sewing and knitting machines,class:46.64,group:46.6,G,WHOLESALE AND RETAIL TRADE; REPAIR OF MOTOR VEHICLES AND MOTORCYCLES,46,"Wholesale trade, except of motor vehicles and motorcycles",46.6,"Wholesale of other machinery, equipment and supplies",46.64,Wholesale of machinery for the textile industry and of sewing and knitting machines,G | 46 | 46.6 | 46.64,"WHOLESALE AND RETAIL TRADE; REPAIR OF MOTOR VEHICLES AND MOTORCYCLES | Wholesale trade, except of motor vehicles and motorcycles | Wholesale of other machinery, equipment and supplies | Wholesale of machinery for the textile industry and of sewing and knitting machines",566
4,class,46.65,Wholesale of office furniture,class:46.65,group:46.6,G,WHOLESALE AND RETAIL TRADE; REPAIR OF MOTOR VEHICLES AND MOTORCYCLES,46,"Wholesale trade, except of motor vehicles and motorcycles",46.6,"Wholesale of other machinery, equipment and supplies",46.65,Wholesale of office furniture,G | 46 | 46.6 | 46.65,"WHOLESALE AND RETAIL TRADE; REPAIR OF MOTOR VEHICLES AND MOTORCYCLES | Wholesale trade, except of motor vehicles and motorcycles | Wholesale of other machinery, equipment and supplies | Wholesale of office furniture",567
4,class,46.66,Wholesale of other office machinery and equipment,class:46.66,group:46.6,G,WHOLESALE AND RETAIL TRADE; REPAIR OF MOTOR VEHICLES AND MOTORCYCLES,46,"Wholesale trade, except of motor vehicles and motorcycles",46.6,"Wholesale of other machinery, equipment and supplies",46.66,Wholesale of other office machinery and equipment,G | 46 | 46.6 | 46.66,"WHOLESALE AND RETAIL TRADE; REPAIR OF MOTOR VEHICLES AND MOTORCYCLES | Wholesale trade, except of motor vehicles and motorcycles | Wholesale of other machinery, equipment and supplies | Wholesale of other office machinery and equipment",568
4,class,46.69,Wholesale of other machinery and equipment,class:46.69,group:46.6,G,WHOLESALE AND RETAIL TRADE; REPAIR OF MOTOR VEHICLES AND MOTORCYCLES,46,"Wholesale trade, except of motor vehicles and motorcycles",46.6,"Wholesale of other machinery, equipment and supplies",46.69,Wholesale of other machinery and equipment,G | 46 | 46.6 | 46.69,"WHOLESALE AND RETAIL TRADE; REPAIR OF MOTOR VEHICLES AND MOTORCYCLES | Wholesale trade, except of motor vehicles and motorcycles | Wholesale of other machinery, equipment and supplies | Wholesale of other machinery and equipment",569
3,group,46.7,Other specialised wholesale,group:46.7,division:46,G,WHOLESALE AND RETAIL TRADE; REPAIR OF MOTOR VEHICLES AND MOTORCYCLES,46,"Wholesale trade, except of motor vehicles and motorcycles",46.7,Other specialised wholesale,,,G | 46 | 46.7,"WHOLESALE AND RETAIL TRADE; REPAIR OF MOTOR VEHICLES AND MOTORCYCLES | Wholesale trade, except of motor vehicles and motorcycles | Other specialised wholesale",570
4,class,46.71,"Wholesale of solid, liquid and gaseous fuels and related products",class:46.71,group:46.7,G,WHOLESALE AND RETAIL TRADE; REPAIR OF MOTOR VEHICLES AND MOTORCYCLES,46,"Wholesale trade, except of motor vehicles and motorcycles",46.7,Other specialised wholesale,46.71,"Wholesale of solid, liquid and gaseous fuels and related products",G | 46 | 46.7 | 46.71,"WHOLESALE AND RETAIL TRADE; REPAIR OF MOTOR VEHICLES AND MOTORCYCLES | Wholesale trade, except of motor vehicles and motorcycles | Other specialised wholesale | Wholesale of solid, liquid and gaseous fuels and related products",571
4,class,46.72,Wholesale of metals and metal ores,class:46.72,group:46.7,G,WHOLESALE AND RETAIL TRADE; REPAIR OF MOTOR VEHICLES AND MOTORCYCLES,46,"Wholesale trade, except of motor vehicles and motorcycles",46.7,Other specialised wholesale,46.72,Wholesale of metals and metal ores,G | 46 | 46.7 | 46.72,"WHOLESALE AND RETAIL TRADE; REPAIR OF MOTOR VEHICLES AND MOTORCYCLES | Wholesale trade, except of motor vehicles and motorcycles | Other specialised wholesale | Wholesale of metals and metal ores",572
4,class,46.73,"Wholesale of wood, construction materials and sanitary equipment",class:46.73,group:46.7,G,WHOLESALE AND RETAIL TRADE; REPAIR OF MOTOR VEHICLES AND MOTORCYCLES,46,"Wholesale trade, except of motor vehicles and motorcycles",46.7,Other specialised wholesale,46.73,"Wholesale of wood, construction materials and sanitary equipment",G | 46 | 46.7 | 46.73,"WHOLESALE AND RETAIL TRADE; REPAIR OF MOTOR VEHICLES AND MOTORCYCLES | Wholesale trade, except of motor vehicles and motorcycles | Other specialised wholesale | Wholesale of wood, construction materials and sanitary equipment",573
4,class,46.74,"Wholesale of hardware, plumbing and heating equipment and supplies",class:46.74,group:46.7,G,WHOLESALE AND RETAIL TRADE; REPAIR OF MOTOR VEHICLES AND MOTORCYCLES,46,"Wholesale trade, except of motor vehicles and motorcycles",46.7,Other specialised wholesale,46.74,"Wholesale of hardware, plumbing and heating equipment and supplies",G | 46 | 46.7 | 46.74,"WHOLESALE AND RETAIL TRADE; REPAIR OF MOTOR VEHICLES AND MOTORCYCLES | Wholesale trade, except of motor vehicles and motorcycles | Other specialised wholesale | Wholesale of hardware, plumbing and heating equipment and supplies",574
4,class,46.75,Wholesale of chemical products,class:46.75,group:46.7,G,WHOLESALE AND RETAIL TRADE; REPAIR OF MOTOR VEHICLES AND MOTORCYCLES,46,"Wholesale trade, except of motor vehicles and motorcycles",46.7,Other specialised wholesale,46.75,Wholesale of chemical products,G | 46 | 46.7 | 46.75,"WHOLESALE AND RETAIL TRADE; REPAIR OF MOTOR VEHICLES AND MOTORCYCLES | Wholesale trade, except of motor vehicles and motorcycles | Other specialised wholesale | Wholesale of chemical products",575
4,class,46.76,Wholesale of other intermediate products,class:46.76,group:46.7,G,WHOLESALE AND RETAIL TRADE; REPAIR OF MOTOR VEHICLES AND MOTORCYCLES,46,"Wholesale trade, except of motor vehicles and motorcycles",46.7,Other specialised wholesale,46.76,Wholesale of other intermediate products,G | 46 | 46.7 | 46.76,"WHOLESALE AND RETAIL TRADE; REPAIR OF MOTOR VEHICLES AND MOTORCYCLES | Wholesale trade, except of motor vehicles and motorcycles | Other specialised wholesale | Wholesale of other intermediate products",576
4,class,46.77,Wholesale of waste and scrap,class:46.77,group:46.7,G,WHOLESALE AND RETAIL TRADE; REPAIR OF MOTOR VEHICLES AND MOTORCYCLES,46,"Wholesale trade, except of motor vehicles and motorcycles",46.7,Other specialised wholesale,46.77,Wholesale of waste and scrap,G | 46 | 46.7 | 46.77,"WHOLESALE AND RETAIL TRADE; REPAIR OF MOTOR VEHICLES AND MOTORCYCLES | Wholesale trade, except of motor vehicles and motorcycles | Other specialised wholesale | Wholesale of waste and scrap",577
3,group,46.9,Non-specialised wholesale trade,group:46.9,division:46,G,WHOLESALE AND RETAIL TRADE; REPAIR OF MOTOR VEHICLES AND MOTORCYCLES,46,"Wholesale trade, except of motor vehicles and motorcycles",46.9,Non-specialised wholesale trade,,,G | 46 | 46.9,"WHOLESALE AND RETAIL TRADE; REPAIR OF MOTOR VEHICLES AND MOTORCYCLES | Wholesale trade, except of motor vehicles and motorcycles | Non-specialised wholesale trade",578
4,class,46.90,Non-specialised wholesale trade,class:46.90,group:46.9,G,WHOLESALE AND RETAIL TRADE; REPAIR OF MOTOR VEHICLES AND MOTORCYCLES,46,"Wholesale trade, except of motor vehicles and motorcycles",46.9,Non-specialised wholesale trade,46.90,Non-specialised wholesale trade,G | 46 | 46.9 | 46.90,"WHOLESALE AND RETAIL TRADE; REPAIR OF MOTOR VEHICLES AND MOTORCYCLES | Wholesale trade, except of motor vehicles and motorcycles | Non-specialised wholesale trade | Non-specialised wholesale trade",579
2,division,47,"Retail trade, except of motor vehicles and motorcycles",division:47,section:G,G,WHOLESALE AND RETAIL TRADE; REPAIR OF MOTOR VEHICLES AND MOTORCYCLES,47,"Retail trade, except of motor vehicles and motorcycles",,,,,G | 47,"WHOLESALE AND RETAIL TRADE; REPAIR OF MOTOR VEHICLES AND MOTORCYCLES | Retail trade, except of motor vehicles and motorcycles",580
3,group,47.1,Retail sale in non-specialised stores,group:47.1,division:47,G,WHOLESALE AND RETAIL TRADE; REPAIR OF MOTOR VEHICLES AND MOTORCYCLES,47,"Retail trade, except of motor vehicles and motorcycles",47.1,Retail sale in non-specialised stores,,,G | 47 | 47.1,"WHOLESALE AND RETAIL TRADE; REPAIR OF MOTOR VEHICLES AND MOTORCYCLES | Retail trade, except of motor vehicles and motorcycles | Retail sale in non-specialised stores",581
4,class,47.11,"Retail sale in non-specialised stores with food, beverages or tobacco predominating",class:47.11,group:47.1,G,WHOLESALE AND RETAIL TRADE; REPAIR OF MOTOR VEHICLES AND MOTORCYCLES,47,"Retail trade, except of motor vehicles and motorcycles",47.1,Retail sale in non-specialised stores,47.11,"Retail sale in non-specialised stores with food, beverages or tobacco predominating",G | 47 | 47.1 | 47.11,"WHOLESALE AND RETAIL TRADE; REPAIR OF MOTOR VEHICLES AND MOTORCYCLES | Retail trade, except of motor vehicles and motorcycles | Retail sale in non-specialised stores | Retail sale in non-specialised stores with food, beverages or tobacco predominating",582
4,class,47.19,Other retail sale in non-specialised stores,class:47.19,group:47.1,G,WHOLESALE AND RETAIL TRADE; REPAIR OF MOTOR VEHICLES AND MOTORCYCLES,47,"Retail trade, except of motor vehicles and motorcycles",47.1,Retail sale in non-specialised stores,47.19,Other retail sale in non-specialised stores,G | 47 | 47.1 | 47.19,"WHOLESALE AND RETAIL TRADE; REPAIR OF MOTOR VEHICLES AND MOTORCYCLES | Retail trade, except of motor vehicles and motorcycles | Retail sale in non-specialised stores | Other retail sale in non-specialised stores",583
3,group,47.2,"Retail sale of food, beverages and tobacco in specialised stores",group:47.2,division:47,G,WHOLESALE AND RETAIL TRADE; REPAIR OF MOTOR VEHICLES AND MOTORCYCLES,47,"Retail trade, except of motor vehicles and motorcycles",47.2,"Retail sale of food, beverages and tobacco in specialised stores",,,G | 47 | 47.2,"WHOLESALE AND RETAIL TRADE; REPAIR OF MOTOR VEHICLES AND MOTORCYCLES | Retail trade, except of motor vehicles and motorcycles | Retail sale of food, beverages and tobacco in specialised stores",584
4,class,47.21,Retail sale of fruit and vegetables in specialised stores,class:47.21,group:47.2,G,WHOLESALE AND RETAIL TRADE; REPAIR OF MOTOR VEHICLES AND MOTORCYCLES,47,"Retail trade, except of motor vehicles and motorcycles",47.2,"Retail sale of food, beverages and tobacco in specialised stores",47.21,Retail sale of fruit and vegetables in specialised stores,G | 47 | 47.2 | 47.21,"WHOLESALE AND RETAIL TRADE; REPAIR OF MOTOR VEHICLES AND MOTORCYCLES | Retail trade, except of motor vehicles and motorcycles | Retail sale of food, beverages and tobacco in specialised stores | Retail sale of fruit and vegetables in specialised stores",585
4,class,47.22,Retail sale of meat and meat products in specialised stores,class:47.22,group:47.2,G,WHOLESALE AND RETAIL TRADE; REPAIR OF MOTOR VEHICLES AND MOTORCYCLES,47,"Retail trade, except of motor vehicles and motorcycles",47.2,"Retail sale of food, beverages and tobacco in specialised stores",47.22,Retail sale of meat and meat products in specialised stores,G | 47 | 47.2 | 47.22,"WHOLESALE AND RETAIL TRADE; REPAIR OF MOTOR VEHICLES AND MOTORCYCLES | Retail trade, except of motor vehicles and motorcycles | Retail sale of food, beverages and tobacco in specialised stores | Retail sale of meat and meat products in specialised stores",586
4,class,47.23,"Retail sale of fish, crustaceans and molluscs in specialised stores",class:47.23,group:47.2,G,WHOLESALE AND RETAIL TRADE; REPAIR OF MOTOR VEHICLES AND MOTORCYCLES,47,"Retail trade, except of motor vehicles and motorcycles",47.2,"Retail sale of food, beverages and tobacco in specialised stores",47.23,"Retail sale of fish, crustaceans and molluscs in specialised stores",G | 47 | 47.2 | 47.23,"WHOLESALE AND RETAIL TRADE; REPAIR OF MOTOR VEHICLES AND MOTORCYCLES | Retail trade, except of motor vehicles and motorcycles | Retail sale of food, beverages and tobacco in specialised stores | Retail sale of fish, crustaceans and molluscs in specialised stores",587
4,class,47.24,"Retail sale of bread, cakes, flour confectionery and sugar confectionery in specialised stores",class:47.24,group:47.2,G,WHOLESALE AND RETAIL TRADE; REPAIR OF MOTOR VEHICLES AND MOTORCYCLES,47,"Retail trade, except of motor vehicles and motorcycles",47.2,"Retail sale of food, beverages and tobacco in specialised stores",47.24,"Retail sale of bread, cakes, flour confectionery and sugar confectionery in specialised stores",G | 47 | 47.2 | 47.24,"WHOLESALE AND RETAIL TRADE; REPAIR OF MOTOR VEHICLES AND MOTORCYCLES | Retail trade, except of motor vehicles and motorcycles | Retail sale of food, beverages and tobacco in specialised stores | Retail sale of bread, cakes, flour confectionery and sugar confectionery in specialised stores",588
4,class,47.25,Retail sale of beverages in specialised stores,class:47.25,group:47.2,G,WHOLESALE AND RETAIL TRADE; REPAIR OF MOTOR VEHICLES AND MOTORCYCLES,47,"Retail trade, except of motor vehicles and motorcycles",47.2,"Retail sale of food, beverages and tobacco in specialised stores",47.25,Retail sale of beverages in specialised stores,G | 47 | 47.2 | 47.25,"WHOLESALE AND RETAIL TRADE; REPAIR OF MOTOR VEHICLES AND MOTORCYCLES | Retail trade, except of motor vehicles and motorcycles | Retail sale of food, beverages and tobacco in specialised stores | Retail sale of beverages in specialised stores",589
4,class,47.26,Retail sale of tobacco products in specialised stores,class:47.26,group:47.2,G,WHOLESALE AND RETAIL TRADE; REPAIR OF MOTOR VEHICLES AND MOTORCYCLES,47,"Retail trade, except of motor vehicles and motorcycles",47.2,"Retail sale of food, beverages and tobacco in specialised stores",47.26,Retail sale of tobacco products in specialised stores,G | 47 | 47.2 | 47.26,"WHOLESALE AND RETAIL TRADE; REPAIR OF MOTOR VEHICLES AND MOTORCYCLES | Retail trade, except of motor vehicles and motorcycles | Retail sale of food, beverages and tobacco in specialised stores | Retail sale of tobacco products in specialised stores",590
4,class,47.29,Other retail sale of food in specialised stores,class:47.29,group:47.2,G,WHOLESALE AND RETAIL TRADE; REPAIR OF MOTOR VEHICLES AND MOTORCYCLES,47,"Retail trade, except of motor vehicles and motorcycles",47.2,"Retail sale of food, beverages and tobacco in specialised stores",47.29,Other retail sale of food in specialised stores,G | 47 | 47.2 | 47.29,"WHOLESALE AND RETAIL TRADE; REPAIR OF MOTOR VEHICLES AND MOTORCYCLES | Retail trade, except of motor vehicles and motorcycles | Retail sale of food, beverages and tobacco in specialised stores | Other retail sale of food in specialised stores",591
3,group,47.3,Retail sale of automotive fuel in specialised stores,group:47.3,division:47,G,WHOLESALE AND RETAIL TRADE; REPAIR OF MOTOR VEHICLES AND MOTORCYCLES,47,"Retail trade, except of motor vehicles and motorcycles",47.3,Retail sale of automotive fuel in specialised stores,,,G | 47 | 47.3,"WHOLESALE AND RETAIL TRADE; REPAIR OF MOTOR VEHICLES AND MOTORCYCLES | Retail trade, except of motor vehicles and motorcycles | Retail sale of automotive fuel in specialised stores",592
4,class,47.30,Retail sale of automotive fuel in specialised stores,class:47.30,group:47.3,G,WHOLESALE AND RETAIL TRADE; REPAIR OF MOTOR VEHICLES AND MOTORCYCLES,47,"Retail trade, except of motor vehicles and motorcycles",47.3,Retail sale of automotive fuel in specialised stores,47.30,Retail sale of automotive fuel in specialised stores,G | 47 | 47.3 | 47.30,"WHOLESALE AND RETAIL TRADE; REPAIR OF MOTOR VEHICLES AND MOTORCYCLES | Retail trade, except of motor vehicles and motorcycles | Retail sale of automotive fuel in specialised stores | Retail sale of automotive fuel in specialised stores",593
3,group,47.4,Retail sale of information and communication equipment in specialised stores,group:47.4,division:47,G,WHOLESALE AND RETAIL TRADE; REPAIR OF MOTOR VEHICLES AND MOTORCYCLES,47,"Retail trade, except of motor vehicles and motorcycles",47.4,Retail sale of information and communication equipment in specialised stores,,,G | 47 | 47.4,"WHOLESALE AND RETAIL TRADE; REPAIR OF MOTOR VEHICLES AND MOTORCYCLES | Retail trade, except of motor vehicles and motorcycles | Retail sale of information and communication equipment in specialised stores",594
4,class,47.41,"Retail sale of computers, peripheral units and software in specialised stores",class:47.41,group:47.4,G,WHOLESALE AND RETAIL TRADE; REPAIR OF MOTOR VEHICLES AND MOTORCYCLES,47,"Retail trade, except of motor vehicles and motorcycles",47.4,Retail sale of information and communication equipment in specialised stores,47.41,"Retail sale of computers, peripheral units and software in specialised stores",G | 47 | 47.4 | 47.41,"WHOLESALE AND RETAIL TRADE; REPAIR OF MOTOR VEHICLES AND MOTORCYCLES | Retail trade, except of motor vehicles and motorcycles | Retail sale of information and communication equipment in specialised stores | Retail sale of computers, peripheral units and software in specialised stores",595
4,class,47.42,Retail sale of telecommunications equipment in specialised stores,class:47.42,group:47.4,G,WHOLESALE AND RETAIL TRADE; REPAIR OF MOTOR VEHICLES AND MOTORCYCLES,47,"Retail trade, except of motor vehicles and motorcycles",47.4,Retail sale of information and communication equipment in specialised stores,47.42,Retail sale of telecommunications equipment in specialised stores,G | 47 | 47.4 | 47.42,"WHOLESALE AND RETAIL TRADE; REPAIR OF MOTOR VEHICLES AND MOTORCYCLES | Retail trade, except of motor vehicles and motorcycles | Retail sale of information and communication equipment in specialised stores | Retail sale of telecommunications equipment in specialised stores",596
4,class,47.43,Retail sale of audio and video equipment in specialised stores,class:47.43,group:47.4,G,WHOLESALE AND RETAIL TRADE; REPAIR OF MOTOR VEHICLES AND MOTORCYCLES,47,"Retail trade, except of motor vehicles and motorcycles",47.4,Retail sale of information and communication equipment in specialised stores,47.43,Retail sale of audio and video equipment in specialised stores,G | 47 | 47.4 | 47.43,"WHOLESALE AND RETAIL TRADE; REPAIR OF MOTOR VEHICLES AND MOTORCYCLES | Retail trade, except of motor vehicles and motorcycles | Retail sale of information and communication equipment in specialised stores | Retail sale of audio and video equipment in specialised stores",597
3,group,47.5,Retail sale of other household equipment in specialised stores,group:47.5,division:47,G,WHOLESALE AND RETAIL TRADE; REPAIR OF MOTOR VEHICLES AND MOTORCYCLES,47,"Retail trade, except of motor vehicles and motorcycles",47.5,Retail sale of other household equipment in specialised stores,,,G | 47 | 47.5,"WHOLESALE AND RETAIL TRADE; REPAIR OF MOTOR VEHICLES AND MOTORCYCLES | Retail trade, except of motor vehicles and motorcycles | Retail sale of other household equipment in specialised stores",598
4,class,47.51,Retail sale of textiles in specialised stores,class:47.51,group:47.5,G,WHOLESALE AND RETAIL TRADE; REPAIR OF MOTOR VEHICLES AND MOTORCYCLES,47,"Retail trade, except of motor vehicles and motorcycles",47.5,Retail sale of other household equipment in specialised stores,47.51,Retail sale of textiles in specialised stores,G | 47 | 47.5 | 47.51,"WHOLESALE AND RETAIL TRADE; REPAIR OF MOTOR VEHICLES AND MOTORCYCLES | Retail trade, except of motor vehicles and motorcycles | Retail sale of other household equipment in specialised stores | Retail sale of textiles in specialised stores",599
4,class,47.52,"Retail sale of hardware, paints and glass in specialised stores",class:47.52,group:47.5,G,WHOLESALE AND RETAIL TRADE; REPAIR OF MOTOR VEHICLES AND MOTORCYCLES,47,"Retail trade, except of motor vehicles and motorcycles",47.5,Retail sale of other household equipment in specialised stores,47.52,"Retail sale of hardware, paints and glass in specialised stores",G | 47 | 47.5 | 47.52,"WHOLESALE AND RETAIL TRADE; REPAIR OF MOTOR VEHICLES AND MOTORCYCLES | Retail trade, except of motor vehicles and motorcycles | Retail sale of other household equipment in specialised stores | Retail sale of hardware, paints and glass in specialised stores",600
4,class,47.53,"Retail sale of carpets, rugs, wall and floor coverings in specialised stores",class:47.53,group:47.5,G,WHOLESALE AND RETAIL TRADE; REPAIR OF MOTOR VEHICLES AND MOTORCYCLES,47,"Retail trade, except of motor vehicles and motorcycles",47.5,Retail sale of other household equipment in specialised stores,47.53,"Retail sale of carpets, rugs, wall and floor coverings in specialised stores",G | 47 | 47.5 | 47.53,"WHOLESALE AND RETAIL TRADE; REPAIR OF MOTOR VEHICLES AND MOTORCYCLES | Retail trade, except of motor vehicles and motorcycles | Retail sale of other household equipment in specialised stores | Retail sale of carpets, rugs, wall and floor coverings in specialised stores",601
4,class,47.54,Retail sale of electrical household appliances in specialised stores,class:47.54,group:47.5,G,WHOLESALE AND RETAIL TRADE; REPAIR OF MOTOR VEHICLES AND MOTORCYCLES,47,"Retail trade, except of motor vehicles and motorcycles",47.5,Retail sale of other household equipment in specialised stores,47.54,Retail sale of electrical household appliances in specialised stores,G | 47 | 47.5 | 47.54,"WHOLESALE AND RETAIL TRADE; REPAIR OF MOTOR VEHICLES AND MOTORCYCLES | Retail trade, except of motor vehicles and motorcycles | Retail sale of other household equipment in specialised stores | Retail sale of electrical household appliances in specialised stores",602
4,class,47.59,"Retail sale of furniture, lighting equipment and other household articles in specialised stores",class:47.59,group:47.5,G,WHOLESALE AND RETAIL TRADE; REPAIR OF MOTOR VEHICLES AND MOTORCYCLES,47,"Retail trade, except of motor vehicles and motorcycles",47.5,Retail sale of other household equipment in specialised stores,47.59,"Retail sale of furniture, lighting equipment and other household articles in specialised stores",G | 47 | 47.5 | 47.59,"WHOLESALE AND RETAIL TRADE; REPAIR OF MOTOR VEHICLES AND MOTORCYCLES | Retail trade, except of motor vehicles and motorcycles | Retail sale of other household equipment in specialised stores | Retail sale of furniture, lighting equipment and other household articles in specialised stores",603
3,group,47.6,Retail sale of cultural and recreation goods in specialised stores,group:47.6,division:47,G,WHOLESALE AND RETAIL TRADE; REPAIR OF MOTOR VEHICLES AND MOTORCYCLES,47,"Retail trade, except of motor vehicles and motorcycles",47.6,Retail sale of cultural and recreation goods in specialised stores,,,G | 47 | 47.6,"WHOLESALE AND RETAIL TRADE; REPAIR OF MOTOR VEHICLES AND MOTORCYCLES | Retail trade, except of motor vehicles and motorcycles | Retail sale of cultural and recreation goods in specialised stores",604
4,class,47.61,Retail sale of books in specialised stores,class:47.61,group:47.6,G,WHOLESALE AND RETAIL TRADE; REPAIR OF MOTOR VEHICLES AND MOTORCYCLES,47,"Retail trade, except of motor vehicles and motorcycles",47.6,Retail sale of cultural and recreation goods in specialised stores,47.61,Retail sale of books in specialised stores,G | 47 | 47.6 | 47.61,"WHOLESALE AND RETAIL TRADE; REPAIR OF MOTOR VEHICLES AND MOTORCYCLES | Retail trade, except of motor vehicles and motorcycles | Retail sale of cultural and recreation goods in specialised stores | Retail sale of books in specialised stores",605
4,class,47.62,Retail sale of newspapers and stationery in specialised stores,class:47.62,group:47.6,G,WHOLESALE AND RETAIL TRADE; REPAIR OF MOTOR VEHICLES AND MOTORCYCLES,47,"Retail trade, except of motor vehicles and motorcycles",47.6,Retail sale of cultural and recreation goods in specialised stores,47.62,Retail sale of newspapers and stationery in specialised stores,G | 47 | 47.6 | 47.62,"WHOLESALE AND RETAIL TRADE; REPAIR OF MOTOR VEHICLES AND MOTORCYCLES | Retail trade, except of motor vehicles and motorcycles | Retail sale of cultural and recreation goods in specialised stores | Retail sale of newspapers and stationery in specialised stores",606
4,class,47.63,Retail sale of music and video recordings in specialised stores,class:47.63,group:47.6,G,WHOLESALE AND RETAIL TRADE; REPAIR OF MOTOR VEHICLES AND MOTORCYCLES,47,"Retail trade, except of motor vehicles and motorcycles",47.6,Retail sale of cultural and recreation goods in specialised stores,47.63,Retail sale of music and video recordings in specialised stores,G | 47 | 47.6 | 47.63,"WHOLESALE AND RETAIL TRADE; REPAIR OF MOTOR VEHICLES AND MOTORCYCLES | Retail trade, except of motor vehicles and motorcycles | Retail sale of cultural and recreation goods in specialised stores | Retail sale of music and video recordings in specialised stores",607
4,class,47.64,Retail sale of sporting equipment in specialised stores,class:47.64,group:47.6,G,WHOLESALE AND RETAIL TRADE; REPAIR OF MOTOR VEHICLES AND MOTORCYCLES,47,"Retail trade, except of motor vehicles and motorcycles",47.6,Retail sale of cultural and recreation goods in specialised stores,47.64,Retail sale of sporting equipment in specialised stores,G | 47 | 47.6 | 47.64,"WHOLESALE AND RETAIL TRADE; REPAIR OF MOTOR VEHICLES AND MOTORCYCLES | Retail trade, except of motor vehicles and motorcycles | Retail sale of cultural and recreation goods in specialised stores | Retail sale of sporting equipment in specialised stores",608
4,class,47.65,Retail sale of games and toys in specialised stores,class:47.65,group:47.6,G,WHOLESALE AND RETAIL TRADE; REPAIR OF MOTOR VEHICLES AND MOTORCYCLES,47,"Retail trade, except of motor vehicles and motorcycles",47.6,Retail sale of cultural and recreation goods in specialised stores,47.65,Retail sale of games and toys in specialised stores,G | 47 | 47.6 | 47.65,"WHOLESALE AND RETAIL TRADE; REPAIR OF MOTOR VEHICLES AND MOTORCYCLES | Retail trade, except of motor vehicles and motorcycles | Retail sale of cultural and recreation goods in specialised stores | Retail sale of games and toys in specialised stores",609
3,group,47.7,Retail sale of other goods in specialised stores,group:47.7,division:47,G,WHOLESALE AND RETAIL TRADE; REPAIR OF MOTOR VEHICLES AND MOTORCYCLES,47,"Retail trade, except of motor vehicles and motorcycles",47.7,Retail sale of other goods in specialised stores,,,G | 47 | 47.7,"WHOLESALE AND RETAIL TRADE; REPAIR OF MOTOR VEHICLES AND MOTORCYCLES | Retail trade, except of motor vehicles and motorcycles | Retail sale of other goods in specialised stores",610
4,class,47.71,Retail sale of clothing in specialised stores,class:47.71,group:47.7,G,WHOLESALE AND RETAIL TRADE; REPAIR OF MOTOR VEHICLES AND MOTORCYCLES,47,"Retail trade, except of motor vehicles and motorcycles",47.7,Retail sale of other goods in specialised stores,47.71,Retail sale of clothing in specialised stores,G | 47 | 47.7 | 47.71,"WHOLESALE AND RETAIL TRADE; REPAIR OF MOTOR VEHICLES AND MOTORCYCLES | Retail trade, except of motor vehicles and motorcycles | Retail sale of other goods in specialised stores | Retail sale of clothing in specialised stores",611
4,class,47.72,Retail sale of footwear and leather goods in specialised stores,class:47.72,group:47.7,G,WHOLESALE AND RETAIL TRADE; REPAIR OF MOTOR VEHICLES AND MOTORCYCLES,47,"Retail trade, except of motor vehicles and motorcycles",47.7,Retail sale of other goods in specialised stores,47.72,Retail sale of footwear and leather goods in specialised stores,G | 47 | 47.7 | 47.72,"WHOLESALE AND RETAIL TRADE; REPAIR OF MOTOR VEHICLES AND MOTORCYCLES | Retail trade, except of motor vehicles and motorcycles | Retail sale of other goods in specialised stores | Retail sale of footwear and leather goods in specialised stores",612
4,class,47.73,Dispensing chemist in specialised stores,class:47.73,group:47.7,G,WHOLESALE AND RETAIL TRADE; REPAIR OF MOTOR VEHICLES AND MOTORCYCLES,47,"Retail trade, except of motor vehicles and motorcycles",47.7,Retail sale of other goods in specialised stores,47.73,Dispensing chemist in specialised stores,G | 47 | 47.7 | 47.73,"WHOLESALE AND RETAIL TRADE; REPAIR OF MOTOR VEHICLES AND MOTORCYCLES | Retail trade, except of motor vehicles and motorcycles | Retail sale of other goods in specialised stores | Dispensing chemist in specialised stores",613
4,class,47.74,Retail sale of medical and orthopaedic goods in specialised stores,class:47.74,group:47.7,G,WHOLESALE AND RETAIL TRADE; REPAIR OF MOTOR VEHICLES AND MOTORCYCLES,47,"Retail trade, except of motor vehicles and motorcycles",47.7,Retail sale of other goods in specialised stores,47.74,Retail sale of medical and orthopaedic goods in specialised stores,G | 47 | 47.7 | 47.74,"WHOLESALE AND RETAIL TRADE; REPAIR OF MOTOR VEHICLES AND MOTORCYCLES | Retail trade, except of motor vehicles and motorcycles | Retail sale of other goods in specialised stores | Retail sale of medical and orthopaedic goods in specialised stores",614
4,class,47.75,Retail sale of cosmetic and toilet articles in specialised stores,class:47.75,group:47.7,G,WHOLESALE AND RETAIL TRADE; REPAIR OF MOTOR VEHICLES AND MOTORCYCLES,47,"Retail trade, except of motor vehicles and motorcycles",47.7,Retail sale of other goods in specialised stores,47.75,Retail sale of cosmetic and toilet articles in specialised stores,G | 47 | 47.7 | 47.75,"WHOLESALE AND RETAIL TRADE; REPAIR OF MOTOR VEHICLES AND MOTORCYCLES | Retail trade, except of motor vehicles and motorcycles | Retail sale of other goods in specialised stores | Retail sale of cosmetic and toilet articles in specialised stores",615
4,class,47.76,"Retail sale of flowers, plants, seeds, fertilisers, pet animals and pet food in specialised stores",class:47.76,group:47.7,G,WHOLESALE AND RETAIL TRADE; REPAIR OF MOTOR VEHICLES AND MOTORCYCLES,47,"Retail trade, except of motor vehicles and motorcycles",47.7,Retail sale of other goods in specialised stores,47.76,"Retail sale of flowers, plants, seeds, fertilisers, pet animals and pet food in specialised stores",G | 47 | 47.7 | 47.76,"WHOLESALE AND RETAIL TRADE; REPAIR OF MOTOR VEHICLES AND MOTORCYCLES | Retail trade, except of motor vehicles and motorcycles | Retail sale of other goods in specialised stores | Retail sale of flowers, plants, seeds, fertilisers, pet animals and pet food in specialised stores",616
4,class,47.77,Retail sale of watches and jewellery in specialised stores,class:47.77,group:47.7,G,WHOLESALE AND RETAIL TRADE; REPAIR OF MOTOR VEHICLES AND MOTORCYCLES,47,"Retail trade, except of motor vehicles and motorcycles",47.7,Retail sale of other goods in specialised stores,47.77,Retail sale of watches and jewellery in specialised stores,G | 47 | 47.7 | 47.77,"WHOLESALE AND RETAIL TRADE; REPAIR OF MOTOR VEHICLES AND MOTORCYCLES | Retail trade, except of motor vehicles and motorcycles | Retail sale of other goods in specialised stores | Retail sale of watches and jewellery in specialised stores",617
4,class,47.78,Other retail sale of new goods in specialised stores,class:47.78,group:47.7,G,WHOLESALE AND RETAIL TRADE; REPAIR OF MOTOR VEHICLES AND MOTORCYCLES,47,"Retail trade, except of motor vehicles and motorcycles",47.7,Retail sale of other goods in specialised stores,47.78,Other retail sale of new goods in specialised stores,G | 47 | 47.7 | 47.78,"WHOLESALE AND RETAIL TRADE; REPAIR OF MOTOR VEHICLES AND MOTORCYCLES | Retail trade, except of motor vehicles and motorcycles | Retail sale of other goods in specialised stores | Other retail sale of new goods in specialised stores",618
4,class,47.79,Retail sale of second-hand goods in stores,class:47.79,group:47.7,G,WHOLESALE AND RETAIL TRADE; REPAIR OF MOTOR VEHICLES AND MOTORCYCLES,47,"Retail trade, except of motor vehicles and motorcycles",47.7,Retail sale of other goods in specialised stores,47.79,Retail sale of second-hand goods in stores,G | 47 | 47.7 | 47.79,"WHOLESALE AND RETAIL TRADE; REPAIR OF MOTOR VEHICLES AND MOTORCYCLES | Retail trade, except of motor vehicles and motorcycles | Retail sale of other goods in specialised stores | Retail sale of second-hand goods in stores",619
3,group,47.8,Retail sale via stalls and markets,group:47.8,division:47,G,WHOLESALE AND RETAIL TRADE; REPAIR OF MOTOR VEHICLES AND MOTORCYCLES,47,"Retail trade, except of motor vehicles and motorcycles",47.8,Retail sale via stalls and markets,,,G | 47 | 47.8,"WHOLESALE AND RETAIL TRADE; REPAIR OF MOTOR VEHICLES AND MOTORCYCLES | Retail trade, except of motor vehicles and motorcycles | Retail sale via stalls and markets",620
4,class,47.81,"Retail sale via stalls and markets of food, beverages and tobacco products",class:47.81,group:47.8,G,WHOLESALE AND RETAIL TRADE; REPAIR OF MOTOR VEHICLES AND MOTORCYCLES,47,"Retail trade, except of motor vehicles and motorcycles",47.8,Retail sale via stalls and markets,47.81,"Retail sale via stalls and markets of food, beverages and tobacco products",G | 47 | 47.8 | 47.81,"WHOLESALE AND RETAIL TRADE; REPAIR OF MOTOR VEHICLES AND MOTORCYCLES | Retail trade, except of motor vehicles and motorcycles | Retail sale via stalls and markets | Retail sale via stalls and markets of food, beverages and tobacco products",621
4,class,47.82,"Retail sale via stalls and markets of textiles, clothing and footwear",class:47.82,group:47.8,G,WHOLESALE AND RETAIL TRADE; REPAIR OF MOTOR VEHICLES AND MOTORCYCLES,47,"Retail trade, except of motor vehicles and motorcycles",47.8,Retail sale via stalls and markets,47.82,"Retail sale via stalls and markets of textiles, clothing and footwear",G | 47 | 47.8 | 47.82,"WHOLESALE AND RETAIL TRADE; REPAIR OF MOTOR VEHICLES AND MOTORCYCLES | Retail trade, except of motor vehicles and motorcycles | Retail sale via stalls and markets | Retail sale via stalls and markets of textiles, clothing and footwear",622
4,class,47.89,Retail sale via stalls and markets of other goods,class:47.89,group:47.8,G,WHOLESALE AND RETAIL TRADE; REPAIR OF MOTOR VEHICLES AND MOTORCYCLES,47,"Retail trade, except of motor vehicles and motorcycles",47.8,Retail sale via stalls and markets,47.89,Retail sale via stalls and markets of other goods,G | 47 | 47.8 | 47.89,"WHOLESALE AND RETAIL TRADE; REPAIR OF MOTOR VEHICLES AND MOTORCYCLES | Retail trade, except of motor vehicles and motorcycles | Retail sale via stalls and markets | Retail sale via stalls and markets of other goods",623
3,group,47.9,"Retail trade not in stores, stalls or markets",group:47.9,division:47,G,WHOLESALE AND RETAIL TRADE; REPAIR OF MOTOR VEHICLES AND MOTORCYCLES,47,"Retail trade, except of motor vehicles and motorcycles",47.9,"Retail trade not in stores, stalls or markets",,,G | 47 | 47.9,"WHOLESALE AND RETAIL TRADE; REPAIR OF MOTOR VEHICLES AND MOTORCYCLES | Retail trade, except of motor vehicles and motorcycles | Retail trade not in stores, stalls or markets",624
4,class,47.91,Retail sale via mail order houses or via Internet,class:47.91,group:47.9,G,WHOLESALE AND RETAIL TRADE; REPAIR OF MOTOR VEHICLES AND MOTORCYCLES,47,"Retail trade, except of motor vehicles and motorcycles",47.9,"Retail trade not in stores, stalls or markets",47.91,Retail sale via mail order houses or via Internet,G | 47 | 47.9 | 47.91,"WHOLESALE AND RETAIL TRADE; REPAIR OF MOTOR VEHICLES AND MOTORCYCLES | Retail trade, except of motor vehicles and motorcycles | Retail trade not in stores, stalls or markets | Retail sale via mail order houses or via Internet",625
4,class,47.99,"Other retail sale not in stores, stalls or markets",class:47.99,group:47.9,G,WHOLESALE AND RETAIL TRADE; REPAIR OF MOTOR VEHICLES AND MOTORCYCLES,47,"Retail trade, except of motor vehicles and motorcycles",47.9,"Retail trade not in stores, stalls or markets",47.99,"Other retail sale not in stores, stalls or markets",G | 47 | 47.9 | 47.99,"WHOLESALE AND RETAIL TRADE; REPAIR OF MOTOR VEHICLES AND MOTORCYCLES | Retail trade, except of motor vehicles and motorcycles | Retail trade not in stores, stalls or markets | Other retail sale not in stores, stalls or markets",626
1,section,H,TRANSPORTATION AND STORAGE,section:H,,H,TRANSPORTATION AND STORAGE,,,,,,,H,TRANSPORTATION AND STORAGE,627
2,division,49,Land transport and transport via pipelines,division:49,section:H,H,TRANSPORTATION AND STORAGE,49,Land transport and transport via pipelines,,,,,H | 49,TRANSPORTATION AND STORAGE | Land transport and transport via pipelines,628
3,group,49.1,"Passenger rail transport, interurban",group:49.1,division:49,H,TRANSPORTATION AND STORAGE,49,Land transport and transport via pipelines,49.1,"Passenger rail transport, interurban",,,H | 49 | 49.1,"TRANSPORTATION AND STORAGE | Land transport and transport via pipelines | Passenger rail transport, interurban",629
4,class,49.10,"Passenger rail transport, interurban",class:49.10,group:49.1,H,TRANSPORTATION AND STORAGE,49,Land transport and transport via pipelines,49.1,"Passenger rail transport, interurban",49.10,"Passenger rail transport, interurban",H | 49 | 49.1 | 49.10,"TRANSPORTATION AND STORAGE | Land transport and transport via pipelines | Passenger rail transport, interurban | Passenger rail transport, interurban",630
3,group,49.2,Freight rail transport,group:49.2,division:49,H,TRANSPORTATION AND STORAGE,49,Land transport and transport via pipelines,49.2,Freight rail transport,,,H | 49 | 49.2,TRANSPORTATION AND STORAGE | Land transport and transport via pipelines | Freight rail transport,631
4,class,49.20,Freight rail transport,class:49.20,group:49.2,H,TRANSPORTATION AND STORAGE,49,Land transport and transport via pipelines,49.2,Freight rail transport,49.20,Freight rail transport,H | 49 | 49.2 | 49.20,TRANSPORTATION AND STORAGE | Land transport and transport via pipelines | Freight rail transport | Freight rail transport,632
3,group,49.3,Other passenger land transport,group:49.3,division:49,H,TRANSPORTATION AND STORAGE,49,Land transport and transport via pipelines,49.3,Other passenger land transport,,,H | 49 | 49.3,TRANSPORTATION AND STORAGE | Land transport and transport via pipelines | Other passenger land transport,633
4,class,49.31,Urban and suburban passenger land transport,class:49.31,group:49.3,H,TRANSPORTATION AND STORAGE,49,Land transport and transport via pipelines,49.3,Other passenger land transport,49.31,Urban and suburban passenger land transport,H | 49 | 49.3 | 49.31,TRANSPORTATION AND STORAGE | Land transport and transport via pipelines | Other passenger land transport | Urban and suburban passenger land transport,634
4,class,49.32,Taxi operation,class:49.32,group:49.3,H,TRANSPORTATION AND STORAGE,49,Land transport and transport via pipelines,49.3,Other passenger land transport,49.32,Taxi operation,H | 49 | 49.3 | 49.32,TRANSPORTATION AND STORAGE | Land transport and transport via pipelines | Other passenger land transport | Taxi operation,635
4,class,49.39,Other passenger land transport n.e.c.,class:49.39,group:49.3,H,TRANSPORTATION AND STORAGE,49,Land transport and transport via pipelines,49.3,Other passenger land transport,49.39,Other passenger land transport n.e.c.,H | 49 | 49.3 | 49.39,TRANSPORTATION AND STORAGE | Land transport and transport via pipelines | Other passenger land transport | Other passenger land transport n.e.c.,636
3,group,49.4,Freight transport by road and removal services,group:49.4,division:49,H,TRANSPORTATION AND STORAGE,49,Land transport and transport via pipelines,49.4,Freight transport by road and removal services,,,H | 49 | 49.4,TRANSPORTATION AND STORAGE | Land transport and transport via pipelines | Freight transport by road and removal services,637
4,class,49.41,Freight transport by road,class:49.41,group:49.4,H,TRANSPORTATION AND STORAGE,49,Land transport and transport via pipelines,49.4,Freight transport by road and removal services,49.41,Freight transport by road,H | 49 | 49.4 | 49.41,TRANSPORTATION AND STORAGE | Land transport and transport via pipelines | Freight transport by road and removal services | Freight transport by road,638
4,class,49.42,Removal services,class:49.42,group:49.4,H,TRANSPORTATION AND STORAGE,49,Land transport and transport via pipelines,49.4,Freight transport by road and removal services,49.42,Removal services,H | 49 | 49.4 | 49.42,TRANSPORTATION AND STORAGE | Land transport and transport via pipelines | Freight transport by road and removal services | Removal services,639
3,group,49.5,Transport via pipeline,group:49.5,division:49,H,TRANSPORTATION AND STORAGE,49,Land transport and transport via pipelines,49.5,Transport via pipeline,,,H | 49 | 49.5,TRANSPORTATION AND STORAGE | Land transport and transport via pipelines | Transport via pipeline,640
4,class,49.50,Transport via pipeline,class:49.50,group:49.5,H,TRANSPORTATION AND STORAGE,49,Land transport and transport via pipelines,49.5,Transport via pipeline,49.50,Transport via pipeline,H | 49 | 49.5 | 49.50,TRANSPORTATION AND STORAGE | Land transport and transport via pipelines | Transport via pipeline | Transport via pipeline,641
2,division,50,Water transport,division:50,section:H,H,TRANSPORTATION AND STORAGE,50,Water transport,,,,,H | 50,TRANSPORTATION AND STORAGE | Water transport,642
3,group,50.1,Sea and coastal passenger water transport,group:50.1,division:50,H,TRANSPORTATION AND STORAGE,50,Water transport,50.1,Sea and coastal passenger water transport,,,H | 50 | 50.1,TRANSPORTATION AND STORAGE | Water transport | Sea and coastal passenger water transport,643
4,class,50.10,Sea and coastal passenger water transport,class:50.10,group:50.1,H,TRANSPORTATION AND STORAGE,50,Water transport,50.1,Sea and coastal passenger water transport,50.10,Sea and coastal passenger water transport,H | 50 | 50.1 | 50.10,TRANSPORTATION AND STORAGE | Water transport | Sea and coastal passenger water transport | Sea and coastal passenger water transport,644
3,group,50.2,Sea and coastal freight water transport,group:50.2,division:50,H,TRANSPORTATION AND STORAGE,50,Water transport,50.2,Sea and coastal freight water transport,,,H | 50 | 50.2,TRANSPORTATION AND STORAGE | Water transport | Sea and coastal freight water transport,645
4,class,50.20,Sea and coastal freight water transport,class:50.20,group:50.2,H,TRANSPORTATION AND STORAGE,50,Water transport,50.2,Sea and coastal freight water transport,50.20,Sea and coastal freight water transport,H | 50 | 50.2 | 50.20,TRANSPORTATION AND STORAGE | Water transport | Sea and coastal freight water transport | Sea and coastal freight water transport,646
3,group,50.3,Inland passenger water transport,group:50.3,division:50,H,TRANSPORTATION AND STORAGE,50,Water transport,50.3,Inland passenger water transport,,,H | 50 | 50.3,TRANSPORTATION AND STORAGE | Water transport | Inland passenger water transport,647
4,class,50.30,Inland passenger water transport,class:50.30,group:50.3,H,TRANSPORTATION AND STORAGE,50,Water transport,50.3,Inland passenger water transport,50.30,Inland passenger water transport,H | 50 | 50.3 | 50.30,TRANSPORTATION AND STORAGE | Water transport | Inland passenger water transport | Inland passenger water transport,648
3,group,50.4,Inland freight water transport,group:50.4,division:50,H,TRANSPORTATION AND STORAGE,50,Water transport,50.4,Inland freight water transport,,,H | 50 | 50.4,TRANSPORTATION AND STORAGE | Water transport | Inland freight water transport,649
4,class,50.40,Inland freight water transport,class:50.40,group:50.4,H,TRANSPORTATION AND STORAGE,50,Water transport,50.4,Inland freight water transport,50.40,Inland freight water transport,H | 50 | 50.4 | 50.40,TRANSPORTATION AND STORAGE | Water transport | Inland freight water transport | Inland freight water transport,650
2,division,51,Air transport,division:51,section:H,H,TRANSPORTATION AND STORAGE,51,Air transport,,,,,H | 51,TRANSPORTATION AND STORAGE | Air transport,651
3,group,51.1,Passenger air transport,group:51.1,division:51,H,TRANSPORTATION AND STORAGE,51,Air transport,51.1,Passenger air transport,,,H | 51 | 51.1,TRANSPORTATION AND STORAGE | Air transport | Passenger air transport,652
4,class,51.10,Passenger air transport,class:51.10,group:51.1,H,TRANSPORTATION AND STORAGE,51,Air transport,51.1,Passenger air transport,51.10,Passenger air transport,H | 51 | 51.1 | 51.10,TRANSPORTATION AND STORAGE | Air transport | Passenger air transport | Passenger air transport,653
3,group,51.2,Freight air transport and space transport,group:51.2,division:51,H,TRANSPORTATION AND STORAGE,51,Air transport,51.2,Freight air transport and space transport,,,H | 51 | 51.2,TRANSPORTATION AND STORAGE | Air transport | Freight air transport and space transport,654
4,class,51.21,Freight air transport,class:51.21,group:51.2,H,TRANSPORTATION AND STORAGE,51,Air transport,51.2,Freight air transport and space transport,51.21,Freight air transport,H | 51 | 51.2 | 51.21,TRANSPORTATION AND STORAGE | Air transport | Freight air transport and space transport | Freight air transport,655
4,class,51.22,Space transport,class:51.22,group:51.2,H,TRANSPORTATION AND STORAGE,51,Air transport,51.2,Freight air transport and space transport,51.22,Space transport,H | 51 | 51.2 | 51.22,TRANSPORTATION AND STORAGE | Air transport | Freight air transport and space transport | Space transport,656
2,division,52,Warehousing and support activities for transportation,division:52,section:H,H,TRANSPORTATION AND STORAGE,52,Warehousing and support activities for transportation,,,,,H | 52,TRANSPORTATION AND STORAGE | Warehousing and support activities for transportation,657
3,group,52.1,Warehousing and storage,group:52.1,division:52,H,TRANSPORTATION AND STORAGE,52,Warehousing and support activities for transportation,52.1,Warehousing and storage,,,H | 52 | 52.1,TRANSPORTATION AND STORAGE | Warehousing and support activities for transportation | Warehousing and storage,658
4,class,52.10,Warehousing and storage,class:52.10,group:52.1,H,TRANSPORTATION AND STORAGE,52,Warehousing and support activities for transportation,52.1,Warehousing and storage,52.10,Warehousing and storage,H | 52 | 52.1 | 52.10,TRANSPORTATION AND STORAGE | Warehousing and support activities for transportation | Warehousing and storage | Warehousing and storage,659
3,group,52.2,Support activities for transportation,group:52.2,division:52,H,TRANSPORTATION AND STORAGE,52,Warehousing and support activities for transportation,52.2,Support activities for transportation,,,H | 52 | 52.2,TRANSPORTATION AND STORAGE | Warehousing and support activities for transportation | Support activities for transportation,660
4,class,52.21,Service activities incidental to land transportation,class:52.21,group:52.2,H,TRANSPORTATION AND STORAGE,52,Warehousing and support activities for transportation,52.2,Support activities for transportation,52.21,Service activities incidental to land transportation,H | 52 | 52.2 | 52.21,TRANSPORTATION AND STORAGE | Warehousing and support activities for transportation | Support activities for transportation | Service activities incidental to land transportation,661
4,class,52.22,Service activities incidental to water transportation,class:52.22,group:52.2,H,TRANSPORTATION AND STORAGE,52,Warehousing and support activities for transportation,52.2,Support activities for transportation,52.22,Service activities incidental to water transportation,H | 52 | 52.2 | 52.22,TRANSPORTATION AND STORAGE | Warehousing and support activities for transportation | Support activities for transportation | Service activities incidental to water transportation,662
4,class,52.23,Service activities incidental to air transportation,class:52.23,group:52.2,H,TRANSPORTATION AND STORAGE,52,Warehousing and support activities for transportation,52.2,Support activities for transportation,52.23,Service activities incidental to air transportation,H | 52 | 52.2 | 52.23,TRANSPORTATION AND STORAGE | Warehousing and support activities for transportation | Support activities for transportation | Service activities incidental to air transportation,663
4,class,52.24,Cargo handling,class:52.24,group:52.2,H,TRANSPORTATION AND STORAGE,52,Warehousing and support activities for transportation,52.2,Support activities for transportation,52.24,Cargo handling,H | 52 | 52.2 | 52.24,TRANSPORTATION AND STORAGE | Warehousing and support activities for transportation | Support activities for transportation | Cargo handling,664
4,class,52.29,Other transportation support activities,class:52.29,group:52.2,H,TRANSPORTATION AND STORAGE,52,Warehousing and support activities for transportation,52.2,Support activities for transportation,52.29,Other transportation support activities,H | 52 | 52.2 | 52.29,TRANSPORTATION AND STORAGE | Warehousing and support activities for transportation | Support activities for transportation | Other transportation support activities,665
2,division,53,Postal and courier activities,division:53,section:H,H,TRANSPORTATION AND STORAGE,53,Postal and courier activities,,,,,H | 53,TRANSPORTATION AND STORAGE | Postal and courier activities,666
3,group,53.1,Postal activities under universal service obligation,group:53.1,division:53,H,TRANSPORTATION AND STORAGE,53,Postal and courier activities,53.1,Postal activities under universal service obligation,,,H | 53 | 53.1,TRANSPORTATION AND STORAGE | Postal and courier activities | Postal activities under universal service obligation,667
4,class,53.10,Postal activities under universal service obligation,class:53.10,group:53.1,H,TRANSPORTATION AND STORAGE,53,Postal and courier activities,53.1,Postal activities under universal service obligation,53.10,Postal activities under universal service obligation,H | 53 | 53.1 | 53.10,TRANSPORTATION AND STORAGE | Postal and courier activities | Postal activities under universal service obligation | Postal activities under universal service obligation,668
3,group,53.2,Other postal and courier activities,group:53.2,division:53,H,TRANSPORTATION AND STORAGE,53,Postal and courier activities,53.2,Other postal and courier activities,,,H | 53 | 53.2,TRANSPORTATION AND STORAGE | Postal and courier activities | Other postal and courier activities,669
4,class,53.20,Other postal and courier activities,class:53.20,group:53.2,H,TRANSPORTATION AND STORAGE,53,Postal and courier activities,53.2,Other postal and courier activities,53.20,Other postal and courier activities,H | 53 | 53.2 | 53.20,TRANSPORTATION AND STORAGE | Postal and courier activities | Other postal and courier activities | Other postal and courier activities,670
1,section,I,ACCOMMODATION AND FOOD SERVICE ACTIVITIES,section:I,,I,ACCOMMODATION AND FOOD SERVICE ACTIVITIES,,,,,,,I,ACCOMMODATION AND FOOD SERVICE ACTIVITIES,671
2,division,55,Accommodation,division:55,section:I,I,ACCOMMODATION AND FOOD SERVICE ACTIVITIES,55,Accommodation,,,,,I | 55,ACCOMMODATION AND FOOD SERVICE ACTIVITIES | Accommodation,672
3,group,55.1,Hotels and similar accommodation,group:55.1,division:55,I,ACCOMMODATION AND FOOD SERVICE ACTIVITIES,55,Accommodation,55.1,Hotels and similar accommodation,,,I | 55 | 55.1,ACCOMMODATION AND FOOD SERVICE ACTIVITIES | Accommodation | Hotels and similar accommodation,673
4,class,55.10,Hotels and similar accommodation,class:55.10,group:55.1,I,ACCOMMODATION AND FOOD SERVICE ACTIVITIES,55,Accommodation,55.1,Hotels and similar accommodation,55.10,Hotels and similar accommodation,I | 55 | 55.1 | 55.10,ACCOMMODATION AND FOOD SERVICE ACTIVITIES | Accommodation | Hotels and similar accommodation | Hotels and similar accommodation,674
3,group,55.2,Holiday and other short-stay accommodation,group:55.2,division:55,I,ACCOMMODATION AND FOOD SERVICE ACTIVITIES,55,Accommodation,55.2,Holiday and other short-stay accommodation,,,I | 55 | 55.2,ACCOMMODATION AND FOOD SERVICE ACTIVITIES | Accommodation | Holiday and other short-stay accommodation,675
4,class,55.20,Holiday and other short-stay accommodation,class:55.20,group:55.2,I,ACCOMMODATION AND FOOD SERVICE ACTIVITIES,55,Accommodation,55.2,Holiday and other short-stay accommodation,55.20,Holiday and other short-stay accommodation,I | 55 | 55.2 | 55.20,ACCOMMODATION AND FOOD SERVICE ACTIVITIES | Accommodation | Holiday and other short-stay accommodation | Holiday and other short-stay accommodation,676
3,group,55.3,"Camping grounds, recreational vehicle parks and trailer parks",group:55.3,division:55,I,ACCOMMODATION AND FOOD SERVICE ACTIVITIES,55,Accommodation,55.3,"Camping grounds, recreational vehicle parks and trailer parks",,,I | 55 | 55.3,"ACCOMMODATION AND FOOD SERVICE ACTIVITIES | Accommodation | Camping grounds, recreational vehicle parks and trailer parks",677
4,class,55.30,"Camping grounds, recreational vehicle parks and trailer parks",class:55.30,group:55.3,I,ACCOMMODATION AND FOOD SERVICE ACTIVITIES,55,Accommodation,55.3,"Camping grounds, recreational vehicle parks and trailer parks",55.30,"Camping grounds, recreational vehicle parks and trailer parks",I | 55 | 55.3 | 55.30,"ACCOMMODATION AND FOOD SERVICE ACTIVITIES | Accommodation | Camping grounds, recreational vehicle parks and trailer parks | Camping grounds, recreational vehicle parks and trailer parks",678
3,group,55.9,Other accommodation,group:55.9,division:55,I,ACCOMMODATION AND FOOD SERVICE ACTIVITIES,55,Accommodation,55.9,Other accommodation,,,I | 55 | 55.9,ACCOMMODATION AND FOOD SERVICE ACTIVITIES | Accommodation | Other accommodation,679
4,class,55.90,Other accommodation,class:55.90,group:55.9,I,ACCOMMODATION AND FOOD SERVICE ACTIVITIES,55,Accommodation,55.9,Other accommodation,55.90,Other accommodation,I | 55 | 55.9 | 55.90,ACCOMMODATION AND FOOD SERVICE ACTIVITIES | Accommodation | Other accommodation | Other accommodation,680
2,division,56,Food and beverage service activities,division:56,section:I,I,ACCOMMODATION AND FOOD SERVICE ACTIVITIES,56,Food and beverage service activities,,,,,I | 56,ACCOMMODATION AND FOOD SERVICE ACTIVITIES | Food and beverage service activities,681
3,group,56.1,Restaurants and mobile food service activities,group:56.1,division:56,I,ACCOMMODATION AND FOOD SERVICE ACTIVITIES,56,Food and beverage service activities,56.1,Restaurants and mobile food service activities,,,I | 56 | 56.1,ACCOMMODATION AND FOOD SERVICE ACTIVITIES | Food and beverage service activities | Restaurants and mobile food service activities,682
4,class,56.10,Restaurants and mobile food service activities,class:56.10,group:56.1,I,ACCOMMODATION AND FOOD SERVICE ACTIVITIES,56,Food and beverage service activities,56.1,Restaurants and mobile food service activities,56.10,Restaurants and mobile food service activities,I | 56 | 56.1 | 56.10,ACCOMMODATION AND FOOD SERVICE ACTIVITIES | Food and beverage service activities | Restaurants and mobile food service activities | Restaurants and mobile food service activities,683
3,group,56.2,Event catering and other food service activities,group:56.2,division:56,I,ACCOMMODATION AND FOOD SERVICE ACTIVITIES,56,Food and beverage service activities,56.2,Event catering and other food service activities,,,I | 56 | 56.2,ACCOMMODATION AND FOOD SERVICE ACTIVITIES | Food and beverage service activities | Event catering and other food service activities,684
4,class,56.21,Event catering activities,class:56.21,group:56.2,I,ACCOMMODATION AND FOOD SERVICE ACTIVITIES,56,Food and beverage service activities,56.2,Event catering and other food service activities,56.21,Event catering activities,I | 56 | 56.2 | 56.21,ACCOMMODATION AND FOOD SERVICE ACTIVITIES | Food and beverage service activities | Event catering and other food service activities | Event catering activities,685
4,class,56.29,Other food service activities,class:56.29,group:56.2,I,ACCOMMODATION AND FOOD SERVICE ACTIVITIES,56,Food and beverage service activities,56.2,Event catering and other food service activities,56.29,Other food service activities,I | 56 | 56.2 | 56.29,ACCOMMODATION AND FOOD SERVICE ACTIVITIES | Food and beverage service activities | Event catering and other food service activities | Other food service activities,686
3,group,56.3,Beverage serving activities,group:56.3,division:56,I,ACCOMMODATION AND FOOD SERVICE ACTIVITIES,56,Food and beverage service activities,56.3,Beverage serving activities,,,I | 56 | 56.3,ACCOMMODATION AND FOOD SERVICE ACTIVITIES | Food and beverage service activities | Beverage serving activities,687
4,class,56.30,Beverage serving activities,class:56.30,group:56.3,I,ACCOMMODATION AND FOOD SERVICE ACTIVITIES,56,Food and beverage service activities,56.3,Beverage serving activities,56.30,Beverage serving activities,I | 56 | 56.3 | 56.30,ACCOMMODATION AND FOOD SERVICE ACTIVITIES | Food and beverage service activities | Beverage serving activities | Beverage serving activities,688
1,section,J,INFORMATION AND COMMUNICATION,section:J,,J,INFORMATION AND COMMUNICATION,,,,,,,J,INFORMATION AND COMMUNICATION,689
2,division,58,Publishing activities,division:58,section:J,J,INFORMATION AND COMMUNICATION,58,Publishing activities,,,,,J | 58,INFORMATION AND COMMUNICATION | Publishing activities,690
3,group,58.1,"Publishing of books, periodicals and other publishing activities",group:58.1,division:58,J,INFORMATION AND COMMUNICATION,58,Publishing activities,58.1,"Publishing of books, periodicals and other publishing activities",,,J | 58 | 58.1,"INFORMATION AND COMMUNICATION | Publishing activities | Publishing of books, periodicals and other publishing activities",691
4,class,58.11,Book publishing,class:58.11,group:58.1,J,INFORMATION AND COMMUNICATION,58,Publishing activities,58.1,"Publishing of books, periodicals and other publishing activities",58.11,Book publishing,J | 58 | 58.1 | 58.11,"INFORMATION AND COMMUNICATION | Publishing activities | Publishing of books, periodicals and other publishing activities | Book publishing",692
4,class,58.12,Publishing of directories and mailing lists,class:58.12,group:58.1,J,INFORMATION AND COMMUNICATION,58,Publishing activities,58.1,"Publishing of books, periodicals and other publishing activities",58.12,Publishing of directories and mailing lists,J | 58 | 58.1 | 58.12,"INFORMATION AND COMMUNICATION | Publishing activities | Publishing of books, periodicals and other publishing activities | Publishing of directories and mailing lists",693
4,class,58.13,Publishing of newspapers,class:58.13,group:58.1,J,INFORMATION AND COMMUNICATION,58,Publishing activities,58.1,"Publishing of books, periodicals and other publishing activities",58.13,Publishing of newspapers,J | 58 | 58.1 | 58.13,"INFORMATION AND COMMUNICATION | Publishing activities | Publishing of books, periodicals and other publishing activities | Publishing of newspapers",694
4,class,58.14,Publishing of journals and periodicals,class:58.14,group:58.1,J,INFORMATION AND COMMUNICATION,58,Publishing activities,58.1,"Publishing of books, periodicals and other publishing activities",58.14,Publishing of journals and periodicals,J | 58 | 58.1 | 58.14,"INFORMATION AND COMMUNICATION | Publishing activities | Publishing of books, periodicals and other publishing activities | Publishing of journals and periodicals",695
4,class,58.19,Other publishing activities,class:58.19,group:58.1,J,INFORMATION AND COMMUNICATION,58,Publishing activities,58.1,"Publishing of books, periodicals and other publishing activities",58.19,Other publishing activities,J | 58 | 58.1 | 58.19,"INFORMATION AND COMMUNICATION | Publishing activities | Publishing of books, periodicals and other publishing activities | Other publishing activities",696
3,group,58.2,Software publishing,group:58.2,division:58,J,INFORMATION AND COMMUNICATION,58,Publishing activities,58.2,Software publishing,,,J | 58 | 58.2,INFORMATION AND COMMUNICATION | Publishing activities | Software publishing,697
4,class,58.21,Publishing of computer games,class:58.21,group:58.2,J,INFORMATION AND COMMUNICATION,58,Publishing activities,58.2,Software publishing,58.21,Publishing of computer games,J | 58 | 58.2 | 58.21,INFORMATION AND COMMUNICATION | Publishing activities | Software publishing | Publishing of computer games,698
4,class,58.29,Other software publishing,class:58.29,group:58.2,J,INFORMATION AND COMMUNICATION,58,Publishing activities,58.2,Software publishing,58.29,Other software publishing,J | 58 | 58.2 | 58.29,INFORMATION AND COMMUNICATION | Publishing activities | Software publishing | Other software publishing,699
2,division,59,"Motion picture, video and television programme production, sound recording and music publishing activities",division:59,section:J,J,INFORMATION AND COMMUNICATION,59,"Motion picture, video and television programme production, sound recording and music publishing activities",,,,,J | 59,"INFORMATION AND COMMUNICATION | Motion picture, video and television programme production, sound recording and music publishing activities",700
3,group,59.1,"Motion picture, video and television programme activities",group:59.1,division:59,J,INFORMATION AND COMMUNICATION,59,"Motion picture, video and television programme production, sound recording and music publishing activities",59.1,"Motion picture, video and television programme activities",,,J | 59 | 59.1,"INFORMATION AND COMMUNICATION | Motion picture, video and television programme production, sound recording and music publishing activities | Motion picture, video and television programme activities",701
4,class,59.11,"Motion picture, video and television programme production activities",class:59.11,group:59.1,J,INFORMATION AND COMMUNICATION,59,"Motion picture, video and television programme production, sound recording and music publishing activities",59.1,"Motion picture, video and television programme activities",59.11,"Motion picture, video and television programme production activities",J | 59 | 59.1 | 59.11,"INFORMATION AND COMMUNICATION | Motion picture, video and television programme production, sound recording and music publishing activities | Motion picture, video and television programme activities | Motion picture, video and television programme production activities",702
4,class,59.12,"Motion picture, video and television programme post-production activities",class:59.12,group:59.1,J,INFORMATION AND COMMUNICATION,59,"Motion picture, video and television programme production, sound recording and music publishing activities",59.1,"Motion picture, video and television programme activities",59.12,"Motion picture, video and television programme post-production activities",J | 59 | 59.1 | 59.12,"INFORMATION AND COMMUNICATION | Motion picture, video and television programme production, sound recording and music publishing activities | Motion picture, video and television programme activities | Motion picture, video and television programme post-production activities",703
4,class,59.13,"Motion picture, video and television programme distribution activities",class:59.13,group:59.1,J,INFORMATION AND COMMUNICATION,59,"Motion picture, video and television programme production, sound recording and music publishing activities",59.1,"Motion picture, video and television programme activities",59.13,"Motion picture, video and television programme distribution activities",J | 59 | 59.1 | 59.13,"INFORMATION AND COMMUNICATION | Motion picture, video and television programme production, sound recording and music publishing activities | Motion picture, video and television programme activities | Motion picture, video and television programme distribution activities",704
4,class,59.14,Motion picture projection activities,class:59.14,group:59.1,J,INFORMATION AND COMMUNICATION,59,"Motion picture, video and television programme production, sound recording and music publishing activities",59.1,"Motion picture, video and television programme activities",59.14,Motion picture projection activities,J | 59 | 59.1 | 59.14,"INFORMATION AND COMMUNICATION | Motion picture, video and television programme production, sound recording and music publishing activities | Motion picture, video and television programme activities | Motion picture projection activities",705
3,group,59.2,Sound recording and music publishing activities,group:59.2,division:59,J,INFORMATION AND COMMUNICATION,59,"Motion picture, video and television programme production, sound recording and music publishing activities",59.2,Sound recording and music publishing activities,,,J | 59 | 59.2,"INFORMATION AND COMMUNICATION | Motion picture, video and television programme production, sound recording and music publishing activities | Sound recording and music publishing activities",706
4,class,59.20,Sound recording and music publishing activities,class:59.20,group:59.2,J,INFORMATION AND COMMUNICATION,59,"Motion picture, video and television programme production, sound recording and music publishing activities",59.2,Sound recording and music publishing activities,59.20,Sound recording and music publishing activities,J | 59 | 59.2 | 59.20,"INFORMATION AND COMMUNICATION | Motion picture, video and television programme production, sound recording and music publishing activities | Sound recording and music publishing activities | Sound recording and music publishing activities",707
2,division,60,Programming and broadcasting activities,division:60,section:J,J,INFORMATION AND COMMUNICATION,60,Programming and broadcasting activities,,,,,J | 60,INFORMATION AND COMMUNICATION | Programming and broadcasting activities,708
3,group,60.1,Radio broadcasting,group:60.1,division:60,J,INFORMATION AND COMMUNICATION,60,Programming and broadcasting activities,60.1,Radio broadcasting,,,J | 60 | 60.1,INFORMATION AND COMMUNICATION | Programming and broadcasting activities | Radio broadcasting,709
4,class,60.10,Radio broadcasting,class:60.10,group:60.1,J,INFORMATION AND COMMUNICATION,60,Programming and broadcasting activities,60.1,Radio broadcasting,60.10,Radio broadcasting,J | 60 | 60.1 | 60.10,INFORMATION AND COMMUNICATION | Programming and broadcasting activities | Radio broadcasting | Radio broadcasting,710
3,group,60.2,Television programming and broadcasting activities,group:60.2,division:60,J,INFORMATION AND COMMUNICATION,60,Programming and broadcasting activities,60.2,Television programming and broadcasting activities,,,J | 60 | 60.2,INFORMATION AND COMMUNICATION | Programming and broadcasting activities | Television programming and broadcasting activities,711
4,class,60.20,Television programming and broadcasting activities,class:60.20,group:60.2,J,INFORMATION AND COMMUNICATION,60,Programming and broadcasting activities,60.2,Television programming and broadcasting activities,60.20,Television programming and broadcasting activities,J | 60 | 60.2 | 60.20,INFORMATION AND COMMUNICATION | Programming and broadcasting activities | Television programming and broadcasting activities | Television programming and broadcasting activities,712
2,division,61,Telecommunications,division:61,section:J,J,INFORMATION AND COMMUNICATION,61,Telecommunications,,,,,J | 61,INFORMATION AND COMMUNICATION | Telecommunications,713
3,group,61.1,Wired telecommunications activities,group:61.1,division:61,J,INFORMATION AND COMMUNICATION,61,Telecommunications,61.1,Wired telecommunications activities,,,J | 61 | 61.1,INFORMATION AND COMMUNICATION | Telecommunications | Wired telecommunications activities,714
4,class,61.10,Wired telecommunications activities,class:61.10,group:61.1,J,INFORMATION AND COMMUNICATION,61,Telecommunications,61.1,Wired telecommunications activities,61.10,Wired telecommunications activities,J | 61 | 61.1 | 61.10,INFORMATION AND COMMUNICATION | Telecommunications | Wired telecommunications activities | Wired telecommunications activities,715
3,group,61.2,Wireless telecommunications activities,group:61.2,division:61,J,INFORMATION AND COMMUNICATION,61,Telecommunications,61.2,Wireless telecommunications activities,,,J | 61 | 61.2,INFORMATION AND COMMUNICATION | Telecommunications | Wireless telecommunications activities,716
4,class,61.20,Wireless telecommunications activities,class:61.20,group:61.2,J,INFORMATION AND COMMUNICATION,61,Telecommunications,61.2,Wireless telecommunications activities,61.20,Wireless telecommunications activities,J | 61 | 61.2 | 61.20,INFORMATION AND COMMUNICATION | Telecommunications | Wireless telecommunications activities | Wireless telecommunications activities,717
3,group,61.3,Satellite telecommunications activities,group:61.3,division:61,J,INFORMATION AND COMMUNICATION,61,Telecommunications,61.3,Satellite telecommunications activities,,,J | 61 | 61.3,INFORMATION AND COMMUNICATION | Telecommunications | Satellite telecommunications activities,718
4,class,61.30,Satellite telecommunications activities,class:61.30,group:61.3,J,INFORMATION AND COMMUNICATION,61,Telecommunications,61.3,Satellite telecommunications activities,61.30,Satellite telecommunications activities,J | 61 | 61.3 | 61.30,INFORMATION AND COMMUNICATION | Telecommunications | Satellite telecommunications activities | Satellite telecommunications activities,719
3,group,61.9,Other telecommunications activities,group:61.9,division:61,J,INFORMATION AND COMMUNICATION,61,Telecommunications,61.9,Other telecommunications activities,,,J | 61 | 61.9,INFORMATION AND COMMUNICATION | Telecommunications | Other telecommunications activities,720
4,class,61.90,Other telecommunications activities,class:61.90,group:61.9,J,INFORMATION AND COMMUNICATION,61,Telecommunications,61.9,Other telecommunications activities,61.90,Other telecommunications activities,J | 61 | 61.9 | 61.90,INFORMATION AND COMMUNICATION | Telecommunications | Other telecommunications activities | Other telecommunications activities,721
2,division,62,"Computer programming, consultancy and related activities",division:62,section:J,J,INFORMATION AND COMMUNICATION,62,"Computer programming, consultancy and related activities",,,,,J | 62,"INFORMATION AND COMMUNICATION | Computer programming, consultancy and related activities",722
3,group,62.0,"Computer programming, consultancy and related activities",group:62.0,division:62,J,INFORMATION AND COMMUNICATION,62,"Computer programming, consultancy and related activities",62.0,"Computer programming, consultancy and related activities",,,J | 62 | 62.0,"INFORMATION AND COMMUNICATION | Computer programming, consultancy and related activities | Computer programming, consultancy and related activities",723
4,class,62.01,Computer programming activities,class:62.01,group:62.0,J,INFORMATION AND COMMUNICATION,62,"Computer programming, consultancy and related activities",62.0,"Computer programming, consultancy and related activities",62.01,Computer programming activities,J | 62 | 62.0 | 62.01,"INFORMATION AND COMMUNICATION | Computer programming, consultancy and related activities | Computer programming, consultancy and related activities | Computer programming activities",724
4,class,62.02,Computer consultancy activities,class:62.02,group:62.0,J,INFORMATION AND COMMUNICATION,62,"Computer programming, consultancy and related activities",62.0,"Computer programming, consultancy and related activities",62.02,Computer consultancy activities,J | 62 | 62.0 | 62.02,"INFORMATION AND COMMUNICATION | Computer programming, consultancy and related activities | Computer programming, consultancy and related activities | Computer consultancy activities",725
4,class,62.03,Computer facilities management activities,class:62.03,group:62.0,J,INFORMATION AND COMMUNICATION,62,"Computer programming, consultancy and related activities",62.0,"Computer programming, consultancy and related activities",62.03,Computer facilities management activities,J | 62 | 62.0 | 62.03,"INFORMATION AND COMMUNICATION | Computer programming, consultancy and related activities | Computer programming, consultancy and related activities | Computer facilities management activities",726
4,class,62.09,Other information technology and computer service activities,class:62.09,group:62.0,J,INFORMATION AND COMMUNICATION,62,"Computer programming, consultancy and related activities",62.0,"Computer programming, consultancy and related activities",62.09,Other information technology and computer service activities,J | 62 | 62.0 | 62.09,"INFORMATION AND COMMUNICATION | Computer programming, consultancy and related activities | Computer programming, consultancy and related activities | Other information technology and computer service activities",727
2,division,63,Information service activities,division:63,section:J,J,INFORMATION AND COMMUNICATION,63,Information service activities,,,,,J | 63,INFORMATION AND COMMUNICATION | Information service activities,728
3,group,63.1,"Data processing, hosting and related activities; web portals",group:63.1,division:63,J,INFORMATION AND COMMUNICATION,63,Information service activities,63.1,"Data processing, hosting and related activities; web portals",,,J | 63 | 63.1,"INFORMATION AND COMMUNICATION | Information service activities | Data processing, hosting and related activities; web portals",729
4,class,63.11,"Data processing, hosting and related activities",class:63.11,group:63.1,J,INFORMATION AND COMMUNICATION,63,Information service activities,63.1,"Data processing, hosting and related activities; web portals",63.11,"Data processing, hosting and related activities",J | 63 | 63.1 | 63.11,"INFORMATION AND COMMUNICATION | Information service activities | Data processing, hosting and related activities; web portals | Data processing, hosting and related activities",730
4,class,63.12,Web portals,class:63.12,group:63.1,J,INFORMATION AND COMMUNICATION,63,Information service activities,63.1,"Data processing, hosting and related activities; web portals",63.12,Web portals,J | 63 | 63.1 | 63.12,"INFORMATION AND COMMUNICATION | Information service activities | Data processing, hosting and related activities; web portals | Web portals",731
3,group,63.9,Other information service activities,group:63.9,division:63,J,INFORMATION AND COMMUNICATION,63,Information service activities,63.9,Other information service activities,,,J | 63 | 63.9,INFORMATION AND COMMUNICATION | Information service activities | Other information service activities,732
4,class,63.91,News agency activities,class:63.91,group:63.9,J,INFORMATION AND COMMUNICATION,63,Information service activities,63.9,Other information service activities,63.91,News agency activities,J | 63 | 63.9 | 63.91,INFORMATION AND COMMUNICATION | Information service activities | Other information service activities | News agency activities,733
4,class,63.99,Other information service activities n.e.c.,class:63.99,group:63.9,J,INFORMATION AND COMMUNICATION,63,Information service activities,63.9,Other information service activities,63.99,Other information service activities n.e.c.,J | 63 | 63.9 | 63.99,INFORMATION AND COMMUNICATION | Information service activities | Other information service activities | Other information service activities n.e.c.,734
1,section,K,FINANCIAL AND INSURANCE ACTIVITIES,section:K,,K,FINANCIAL AND INSURANCE ACTIVITIES,,,,,,,K,FINANCIAL AND INSURANCE ACTIVITIES,735
2,division,64,"Financial service activities, except insurance and pension funding",division:64,section:K,K,FINANCIAL AND INSURANCE ACTIVITIES,64,"Financial service activities, except insurance and pension funding",,,,,K | 64,"FINANCIAL AND INSURANCE ACTIVITIES | Financial service activities, except insurance and pension funding",736
3,group,64.1,Monetary intermediation,group:64.1,division:64,K,FINANCIAL AND INSURANCE ACTIVITIES,64,"Financial service activities, except insurance and pension funding",64.1,Monetary intermediation,,,K | 64 | 64.1,"FINANCIAL AND INSURANCE ACTIVITIES | Financial service activities, except insurance and pension funding | Monetary intermediation",737
4,class,64.11,Central banking,class:64.11,group:64.1,K,FINANCIAL AND INSURANCE ACTIVITIES,64,"Financial service activities, except insurance and pension funding",64.1,Monetary intermediation,64.11,Central banking,K | 64 | 64.1 | 64.11,"FINANCIAL AND INSURANCE ACTIVITIES | Financial service activities, except insurance and pension funding | Monetary intermediation | Central banking",738
4,class,64.19,Other monetary intermediation,class:64.19,group:64.1,K,FINANCIAL AND INSURANCE ACTIVITIES,64,"Financial service activities, except insurance and pension funding",64.1,Monetary intermediation,64.19,Other monetary intermediation,K | 64 | 64.1 | 64.19,"FINANCIAL AND INSURANCE ACTIVITIES | Financial service activities, except insurance and pension funding | Monetary intermediation | Other monetary intermediation",739
3,group,64.2,Activities of holding companies,group:64.2,division:64,K,FINANCIAL AND INSURANCE ACTIVITIES,64,"Financial service activities, except insurance and pension funding",64.2,Activities of holding companies,,,K | 64 | 64.2,"FINANCIAL AND INSURANCE ACTIVITIES | Financial service activities, except insurance and pension funding | Activities of holding companies",740
4,class,64.20,Activities of holding companies,class:64.20,group:64.2,K,FINANCIAL AND INSURANCE ACTIVITIES,64,"Financial service activities, except insurance and pension funding",64.2,Activities of holding companies,64.20,Activities of holding companies,K | 64 | 64.2 | 64.20,"FINANCIAL AND INSURANCE ACTIVITIES | Financial service activities, except insurance and pension funding | Activities of holding companies | Activities of holding companies",741
3,group,64.3,"Trusts, funds and similar financial entities",group:64.3,division:64,K,FINANCIAL AND INSURANCE ACTIVITIES,64,"Financial service activities, except insurance and pension funding",64.3,"Trusts, funds and similar financial entities",,,K | 64 | 64.3,"FINANCIAL AND INSURANCE ACTIVITIES | Financial service activities, except insurance and pension funding | Trusts, funds and similar financial entities",742
4,class,64.30,"Trusts, funds and similar financial entities",class:64.30,group:64.3,K,FINANCIAL AND INSURANCE ACTIVITIES,64,"Financial service activities, except insurance and pension funding",64.3,"Trusts, funds and similar financial entities",64.30,"Trusts, funds and similar financial entities",K | 64 | 64.3 | 64.30,"FINANCIAL AND INSURANCE ACTIVITIES | Financial service activities, except insurance and pension funding | Trusts, funds and similar financial entities | Trusts, funds and similar financial entities",743
3,group,64.9,"Other financial service activities, except insurance and pension funding",group:64.9,division:64,K,FINANCIAL AND INSURANCE ACTIVITIES,64,"Financial service activities, except insurance and pension funding",64.9,"Other financial service activities, except insurance and pension funding",,,K | 64 | 64.9,"FINANCIAL AND INSURANCE ACTIVITIES | Financial service activities, except insurance and pension funding | Other financial service activities, except insurance and pension funding",744
4,class,64.91,Financial leasing,class:64.91,group:64.9,K,FINANCIAL AND INSURANCE ACTIVITIES,64,"Financial service activities, except insurance and pension funding",64.9,"Other financial service activities, except insurance and pension funding",64.91,Financial leasing,K | 64 | 64.9 | 64.91,"FINANCIAL AND INSURANCE ACTIVITIES | Financial service activities, except insurance and pension funding | Other financial service activities, except insurance and pension funding | Financial leasing",745
4,class,64.92,Other credit granting,class:64.92,group:64.9,K,FINANCIAL AND INSURANCE ACTIVITIES,64,"Financial service activities, except insurance and pension funding",64.9,"Other financial service activities, except insurance and pension funding",64.92,Other credit granting,K | 64 | 64.9 | 64.92,"FINANCIAL AND INSURANCE ACTIVITIES | Financial service activities, except insurance and pension funding | Other financial service activities, except insurance and pension funding | Other credit granting",746
4,class,64.99,"Other financial service activities, except insurance and pension funding n.e.c.",class:64.99,group:64.9,K,FINANCIAL AND INSURANCE ACTIVITIES,64,"Financial service activities, except insurance and pension funding",64.9,"Other financial service activities, except insurance and pension funding",64.99,"Other financial service activities, except insurance and pension funding n.e.c.",K | 64 | 64.9 | 64.99,"FINANCIAL AND INSURANCE ACTIVITIES | Financial service activities, except insurance and pension funding | Other financial service activities, except insurance and pension funding | Other financial service activities, except insurance and pension funding n.e.c.",747
2,division,65,"Insurance, reinsurance and pension funding, except compulsory social security",division:65,section:K,K,FINANCIAL AND INSURANCE ACTIVITIES,65,"Insurance, reinsurance and pension funding, except compulsory social security",,,,,K | 65,"FINANCIAL AND INSURANCE ACTIVITIES | Insurance, reinsurance and pension funding, except compulsory social security",748
3,group,65.1,Insurance,group:65.1,division:65,K,FINANCIAL AND INSURANCE ACTIVITIES,65,"Insurance, reinsurance and pension funding, except compulsory social security",65.1,Insurance,,,K | 65 | 65.1,"FINANCIAL AND INSURANCE ACTIVITIES | Insurance, reinsurance and pension funding, except compulsory social security | Insurance",749
4,class,65.11,Life insurance,class:65.11,group:65.1,K,FINANCIAL AND INSURANCE ACTIVITIES,65,"Insurance, reinsurance and pension funding, except compulsory social security",65.1,Insurance,65.11,Life insurance,K | 65 | 65.1 | 65.11,"FINANCIAL AND INSURANCE ACTIVITIES | Insurance, reinsurance and pension funding, except compulsory social security | Insurance | Life insurance",750
4,class,65.12,Non-life insurance,class:65.12,group:65.1,K,FINANCIAL AND INSURANCE ACTIVITIES,65,"Insurance, reinsurance and pension funding, except compulsory social security",65.1,Insurance,65.12,Non-life insurance,K | 65 | 65.1 | 65.12,"FINANCIAL AND INSURANCE ACTIVITIES | Insurance, reinsurance and pension funding, except compulsory social security | Insurance | Non-life insurance",751
3,group,65.2,Reinsurance,group:65.2,division:65,K,FINANCIAL AND INSURANCE ACTIVITIES,65,"Insurance, reinsurance and pension funding, except compulsory social security",65.2,Reinsurance,,,K | 65 | 65.2,"FINANCIAL AND INSURANCE ACTIVITIES | Insurance, reinsurance and pension funding, except compulsory social security | Reinsurance",752
4,class,65.20,Reinsurance,class:65.20,group:65.2,K,FINANCIAL AND INSURANCE ACTIVITIES,65,"Insurance, reinsurance and pension funding, except compulsory social security",65.2,Reinsurance,65.20,Reinsurance,K | 65 | 65.2 | 65.20,"FINANCIAL AND INSURANCE ACTIVITIES | Insurance, reinsurance and pension funding, except compulsory social security | Reinsurance | Reinsurance",753
3,group,65.3,Pension funding,group:65.3,division:65,K,FINANCIAL AND INSURANCE ACTIVITIES,65,"Insurance, reinsurance and pension funding, except compulsory social security",65.3,Pension funding,,,K | 65 | 65.3,"FINANCIAL AND INSURANCE ACTIVITIES | Insurance, reinsurance and pension funding, except compulsory social security | Pension funding",754
4,class,65.30,Pension funding,class:65.30,group:65.3,K,FINANCIAL AND INSURANCE ACTIVITIES,65,"Insurance, reinsurance and pension funding, except compulsory social security",65.3,Pension funding,65.30,Pension funding,K | 65 | 65.3 | 65.30,"FINANCIAL AND INSURANCE ACTIVITIES | Insurance, reinsurance and pension funding, except compulsory social security | Pension funding | Pension funding",755
2,division,66,Activities auxiliary to financial services and insurance activities,division:66,section:K,K,FINANCIAL AND INSURANCE ACTIVITIES,66,Activities auxiliary to financial services and insurance activities,,,,,K | 66,FINANCIAL AND INSURANCE ACTIVITIES | Activities auxiliary to financial services and insurance activities,756
3,group,66.1,"Activities auxiliary to financial services, except insurance and pension funding",group:66.1,division:66,K,FINANCIAL AND INSURANCE ACTIVITIES,66,Activities auxiliary to financial services and insurance activities,66.1,"Activities auxiliary to financial services, except insurance and pension funding",,,K | 66 | 66.1,"FINANCIAL AND INSURANCE ACTIVITIES | Activities auxiliary to financial services and insurance activities | Activities auxiliary to financial services, except insurance and pension funding",757
4,class,66.11,Administration of financial markets,class:66.11,group:66.1,K,FINANCIAL AND INSURANCE ACTIVITIES,66,Activities auxiliary to financial services and insurance activities,66.1,"Activities auxiliary to financial services, except insurance and pension funding",66.11,Administration of financial markets,K | 66 | 66.1 | 66.11,"FINANCIAL AND INSURANCE ACTIVITIES | Activities auxiliary to financial services and insurance activities | Activities auxiliary to financial services, except insurance and pension funding | Administration of financial markets",758
4,class,66.12,Security and commodity contracts brokerage,class:66.12,group:66.1,K,FINANCIAL AND INSURANCE ACTIVITIES,66,Activities auxiliary to financial services and insurance activities,66.1,"Activities auxiliary to financial services, except insurance and pension funding",66.12,Security and commodity contracts brokerage,K | 66 | 66.1 | 66.12,"FINANCIAL AND INSURANCE ACTIVITIES | Activities auxiliary to financial services and insurance activities | Activities auxiliary to financial services, except insurance and pension funding | Security and commodity contracts brokerage",759
4,class,66.19,"Other activities auxiliary to financial services, except insurance and pension funding",class:66.19,group:66.1,K,FINANCIAL AND INSURANCE ACTIVITIES,66,Activities auxiliary to financial services and insurance activities,66.1,"Activities auxiliary to financial services, except insurance and pension funding",66.19,"Other activities auxiliary to financial services, except insurance and pension funding",K | 66 | 66.1 | 66.19,"FINANCIAL AND INSURANCE ACTIVITIES | Activities auxiliary to financial services and insurance activities | Activities auxiliary to financial services, except insurance and pension funding | Other activities auxiliary to financial services, except insurance and pension funding",760
3,group,66.2,Activities auxiliary to insurance and pension funding,group:66.2,division:66,K,FINANCIAL AND INSURANCE ACTIVITIES,66,Activities auxiliary to financial services and insurance activities,66.2,Activities auxiliary to insurance and pension funding,,,K | 66 | 66.2,FINANCIAL AND INSURANCE ACTIVITIES | Activities auxiliary to financial services and insurance activities | Activities auxiliary to insurance and pension funding,761
4,class,66.21,Risk and damage evaluation,class:66.21,group:66.2,K,FINANCIAL AND INSURANCE ACTIVITIES,66,Activities auxiliary to financial services and insurance activities,66.2,Activities auxiliary to insurance and pension funding,66.21,Risk and damage evaluation,K | 66 | 66.2 | 66.21,FINANCIAL AND INSURANCE ACTIVITIES | Activities auxiliary to financial services and insurance activities | Activities auxiliary to insurance and pension funding | Risk and damage evaluation,762
4,class,66.22,Activities of insurance agents and brokers,class:66.22,group:66.2,K,FINANCIAL AND INSURANCE ACTIVITIES,66,Activities auxiliary to financial services and insurance activities,66.2,Activities auxiliary to insurance and pension funding,66.22,Activities of insurance agents and brokers,K | 66 | 66.2 | 66.22,FINANCIAL AND INSURANCE ACTIVITIES | Activities auxiliary to financial services and insurance activities | Activities auxiliary to insurance and pension funding | Activities of insurance agents and brokers,763
4,class,66.29,Other activities auxiliary to insurance and pension funding,class:66.29,group:66.2,K,FINANCIAL AND INSURANCE ACTIVITIES,66,Activities auxiliary to financial services and insurance activities,66.2,Activities auxiliary to insurance and pension funding,66.29,Other activities auxiliary to insurance and pension funding,K | 66 | 66.2 | 66.29,FINANCIAL AND INSURANCE ACTIVITIES | Activities auxiliary to financial services and insurance activities | Activities auxiliary to insurance and pension funding | Other activities auxiliary to insurance and pension funding,764
3,group,66.3,Fund management activities,group:66.3,division:66,K,FINANCIAL AND INSURANCE ACTIVITIES,66,Activities auxiliary to financial services and insurance activities,66.3,Fund management activities,,,K | 66 | 66.3,FINANCIAL AND INSURANCE ACTIVITIES | Activities auxiliary to financial services and insurance activities | Fund management activities,765
4,class,66.30,Fund management activities,class:66.30,group:66.3,K,FINANCIAL AND INSURANCE ACTIVITIES,66,Activities auxiliary to financial services and insurance activities,66.3,Fund management activities,66.30,Fund management activities,K | 66 | 66.3 | 66.30,FINANCIAL AND INSURANCE ACTIVITIES | Activities auxiliary to financial services and insurance activities | Fund management activities | Fund management activities,766
1,section,L,REAL ESTATE ACTIVITIES,section:L,,L,REAL ESTATE ACTIVITIES,,,,,,,L,REAL ESTATE ACTIVITIES,767
2,division,68,Real estate activities,division:68,section:L,L,REAL ESTATE ACTIVITIES,68,Real estate activities,,,,,L | 68,REAL ESTATE ACTIVITIES | Real estate activities,768
3,group,68.1,Buying and selling of own real estate,group:68.1,division:68,L,REAL ESTATE ACTIVITIES,68,Real estate activities,68.1,Buying and selling of own real estate,,,L | 68 | 68.1,REAL ESTATE ACTIVITIES | Real estate activities | Buying and selling of own real estate,769
4,class,68.10,Buying and selling of own real estate,class:68.10,group:68.1,L,REAL ESTATE ACTIVITIES,68,Real estate activities,68.1,Buying and selling of own real estate,68.10,Buying and selling of own real estate,L | 68 | 68.1 | 68.10,REAL ESTATE ACTIVITIES | Real estate activities | Buying and selling of own real estate | Buying and selling of own real estate,770
3,group,68.2,Rental and operating of own or leased real estate,group:68.2,division:68,L,REAL ESTATE ACTIVITIES,68,Real estate activities,68.2,Rental and operating of own or leased real estate,,,L | 68 | 68.2,REAL ESTATE ACTIVITIES | Real estate activities | Rental and operating of own or leased real estate,771
4,class,68.20,Rental and operating of own or leased real estate,class:68.20,group:68.2,L,REAL ESTATE ACTIVITIES,68,Real estate activities,68.2,Rental and operating of own or leased real estate,68.20,Rental and operating of own or leased real estate,L | 68 | 68.2 | 68.20,REAL ESTATE ACTIVITIES | Real estate activities | Rental and operating of own or leased real estate | Rental and operating of own or leased real estate,772
3,group,68.3,Real estate activities on a fee or contract basis,group:68.3,division:68,L,REAL ESTATE ACTIVITIES,68,Real estate activities,68.3,Real estate activities on a fee or contract basis,,,L | 68 | 68.3,REAL ESTATE ACTIVITIES | Real estate activities | Real estate activities on a fee or contract basis,773
4,class,68.31,Real estate agencies,class:68.31,group:68.3,L,REAL ESTATE ACTIVITIES,68,Real estate activities,68.3,Real estate activities on a fee or contract basis,68.31,Real estate agencies,L | 68 | 68.3 | 68.31,REAL ESTATE ACTIVITIES | Real estate activities | Real estate activities on a fee or contract basis | Real estate agencies,774
4,class,68.32,Management of real estate on a fee or contract basis,class:68.32,group:68.3,L,REAL ESTATE ACTIVITIES,68,Real estate activities,68.3,Real estate activities on a fee or contract basis,68.32,Management of real estate on a fee or contract basis,L | 68 | 68.3 | 68.32,REAL ESTATE ACTIVITIES | Real estate activities | Real estate activities on a fee or contract basis | Management of real estate on a fee or contract basis,775
1,section,M,"PROFESSIONAL, SCIENTIFIC AND TECHNICAL ACTIVITIES",section:M,,M,"PROFESSIONAL, SCIENTIFIC AND TECHNICAL ACTIVITIES",,,,,,,M,"PROFESSIONAL, SCIENTIFIC AND TECHNICAL ACTIVITIES",776
2,division,69,Legal and accounting activities,division:69,section:M,M,"PROFESSIONAL, SCIENTIFIC AND TECHNICAL ACTIVITIES",69,Legal and accounting activities,,,,,M | 69,"PROFESSIONAL, SCIENTIFIC AND TECHNICAL ACTIVITIES | Legal and accounting activities",777
3,group,69.1,Legal activities,group:69.1,division:69,M,"PROFESSIONAL, SCIENTIFIC AND TECHNICAL ACTIVITIES",69,Legal and accounting activities,69.1,Legal activities,,,M | 69 | 69.1,"PROFESSIONAL, SCIENTIFIC AND TECHNICAL ACTIVITIES | Legal and accounting activities | Legal activities",778
4,class,69.10,Legal activities,class:69.10,group:69.1,M,"PROFESSIONAL, SCIENTIFIC AND TECHNICAL ACTIVITIES",69,Legal and accounting activities,69.1,Legal activities,69.10,Legal activities,M | 69 | 69.1 | 69.10,"PROFESSIONAL, SCIENTIFIC AND TECHNICAL ACTIVITIES | Legal and accounting activities | Legal activities | Legal activities",779
3,group,69.2,"Accounting, bookkeeping and auditing activities; tax consultancy",group:69.2,division:69,M,"PROFESSIONAL, SCIENTIFIC AND TECHNICAL ACTIVITIES",69,Legal and accounting activities,69.2,"Accounting, bookkeeping and auditing activities; tax consultancy",,,M | 69 | 69.2,"PROFESSIONAL, SCIENTIFIC AND TECHNICAL ACTIVITIES | Legal and accounting activities | Accounting, bookkeeping and auditing activities; tax consultancy",780
4,class,69.20,"Accounting, bookkeeping and auditing activities; tax consultancy",class:69.20,group:69.2,M,"PROFESSIONAL, SCIENTIFIC AND TECHNICAL ACTIVITIES",69,Legal and accounting activities,69.2,"Accounting, bookkeeping and auditing activities; tax consultancy",69.20,"Accounting, bookkeeping and auditing activities; tax consultancy",M | 69 | 69.2 | 69.20,"PROFESSIONAL, SCIENTIFIC AND TECHNICAL ACTIVITIES | Legal and accounting activities | Accounting, bookkeeping and auditing activities; tax consultancy | Accounting, bookkeeping and auditing activities; tax consultancy",781
2,division,70,Activities of head offices; management consultancy activities,division:70,section:M,M,"PROFESSIONAL, SCIENTIFIC AND TECHNICAL ACTIVITIES",70,Activities of head offices; management consultancy activities,,,,,M | 70,"PROFESSIONAL, SCIENTIFIC AND TECHNICAL ACTIVITIES | Activities of head offices; management consultancy activities",782
3,group,70.1,Activities of head offices,group:70.1,division:70,M,"PROFESSIONAL, SCIENTIFIC AND TECHNICAL ACTIVITIES",70,Activities of head offices; management consultancy activities,70.1,Activities of head offices,,,M | 70 | 70.1,"PROFESSIONAL, SCIENTIFIC AND TECHNICAL ACTIVITIES | Activities of head offices; management consultancy activities | Activities of head offices",783
4,class,70.10,Activities of head offices,class:70.10,group:70.1,M,"PROFESSIONAL, SCIENTIFIC AND TECHNICAL ACTIVITIES",70,Activities of head offices; management consultancy activities,70.1,Activities of head offices,70.10,Activities of head offices,M | 70 | 70.1 | 70.10,"PROFESSIONAL, SCIENTIFIC AND TECHNICAL ACTIVITIES | Activities of head offices; management consultancy activities | Activities of head offices | Activities of head offices",784
3,group,70.2,Management consultancy activities,group:70.2,division:70,M,"PROFESSIONAL, SCIENTIFIC AND TECHNICAL ACTIVITIES",70,Activities of head offices; management consultancy activities,70.2,Management consultancy activities,,,M | 70 | 70.2,"PROFESSIONAL, SCIENTIFIC AND TECHNICAL ACTIVITIES | Activities of head offices; management consultancy activities | Management consultancy activities",785
4,class,70.21,Public relations and communication activities,class:70.21,group:70.2,M,"PROFESSIONAL, SCIENTIFIC AND TECHNICAL ACTIVITIES",70,Activities of head offices; management consultancy activities,70.2,Management consultancy activities,70.21,Public relations and communication activities,M | 70 | 70.2 | 70.21,"PROFESSIONAL, SCIENTIFIC AND TECHNICAL ACTIVITIES | Activities of head offices; management consultancy activities | Management consultancy activities | Public relations and communication activities",786
4,class,70.22,Business and other management consultancy activities,class:70.22,group:70.2,M,"PROFESSIONAL, SCIENTIFIC AND TECHNICAL ACTIVITIES",70,Activities of head offices; management consultancy activities,70.2,Management consultancy activities,70.22,Business and other management consultancy activities,M | 70 | 70.2 | 70.22,"PROFESSIONAL, SCIENTIFIC AND TECHNICAL ACTIVITIES | Activities of head offices; management consultancy activities | Management consultancy activities | Business and other management consultancy activities",787
2,division,71,Architectural and engineering activities; technical testing and analysis,division:71,section:M,M,"PROFESSIONAL, SCIENTIFIC AND TECHNICAL ACTIVITIES",71,Architectural and engineering activities; technical testing and analysis,,,,,M | 71,"PROFESSIONAL, SCIENTIFIC AND TECHNICAL ACTIVITIES | Architectural and engineering activities; technical testing and analysis",788
3,group,71.1,Architectural and engineering activities and related technical consultancy,group:71.1,division:71,M,"PROFESSIONAL, SCIENTIFIC AND TECHNICAL ACTIVITIES",71,Architectural and engineering activities; technical testing and analysis,71.1,Architectural and engineering activities and related technical consultancy,,,M | 71 | 71.1,"PROFESSIONAL, SCIENTIFIC AND TECHNICAL ACTIVITIES | Architectural and engineering activities; technical testing and analysis | Architectural and engineering activities and related technical consultancy",789
4,class,71.11,Architectural activities,class:71.11,group:71.1,M,"PROFESSIONAL, SCIENTIFIC AND TECHNICAL ACTIVITIES",71,Architectural and engineering activities; technical testing and analysis,71.1,Architectural and engineering activities and related technical consultancy,71.11,Architectural activities,M | 71 | 71.1 | 71.11,"PROFESSIONAL, SCIENTIFIC AND TECHNICAL ACTIVITIES | Architectural and engineering activities; technical testing and analysis | Architectural and engineering activities and related technical consultancy | Architectural activities",790
4,class,71.12,Engineering activities and related technical consultancy,class:71.12,group:71.1,M,"PROFESSIONAL, SCIENTIFIC AND TECHNICAL ACTIVITIES",71,Architectural and engineering activities; technical testing and analysis,71.1,Architectural and engineering activities and related technical consultancy,71.12,Engineering activities and related technical consultancy,M | 71 | 71.1 | 71.12,"PROFESSIONAL, SCIENTIFIC AND TECHNICAL ACTIVITIES | Architectural and engineering activities; technical testing and analysis | Architectural and engineering activities and related technical consultancy | Engineering activities and related technical consultancy",791
3,group,71.2,Technical testing and analysis,group:71.2,division:71,M,"PROFESSIONAL, SCIENTIFIC AND TECHNICAL ACTIVITIES",71,Architectural and engineering activities; technical testing and analysis,71.2,Technical testing and analysis,,,M | 71 | 71.2,"PROFESSIONAL, SCIENTIFIC AND TECHNICAL ACTIVITIES | Architectural and engineering activities; technical testing and analysis | Technical testing and analysis",792
4,class,71.20,Technical testing and analysis,class:71.20,group:71.2,M,"PROFESSIONAL, SCIENTIFIC AND TECHNICAL ACTIVITIES",71,Architectural and engineering activities; technical testing and analysis,71.2,Technical testing and analysis,71.20,Technical testing and analysis,M | 71 | 71.2 | 71.20,"PROFESSIONAL, SCIENTIFIC AND TECHNICAL ACTIVITIES | Architectural and engineering activities; technical testing and analysis | Technical testing and analysis | Technical testing and analysis",793
2,division,72,Scientific research and development,division:72,section:M,M,"PROFESSIONAL, SCIENTIFIC AND TECHNICAL ACTIVITIES",72,Scientific research and development,,,,,M | 72,"PROFESSIONAL, SCIENTIFIC AND TECHNICAL ACTIVITIES | Scientific research and development",794
3,group,72.1,Research and experimental development on natural sciences and engineering,group:72.1,division:72,M,"PROFESSIONAL, SCIENTIFIC AND TECHNICAL ACTIVITIES",72,Scientific research and development,72.1,Research and experimental development on natural sciences and engineering,,,M | 72 | 72.1,"PROFESSIONAL, SCIENTIFIC AND TECHNICAL ACTIVITIES | Scientific research and development | Research and experimental development on natural sciences and engineering",795
4,class,72.11,Research and experimental development on biotechnology,class:72.11,group:72.1,M,"PROFESSIONAL, SCIENTIFIC AND TECHNICAL ACTIVITIES",72,Scientific research and development,72.1,Research and experimental development on natural sciences and engineering,72.11,Research and experimental development on biotechnology,M | 72 | 72.1 | 72.11,"PROFESSIONAL, SCIENTIFIC AND TECHNICAL ACTIVITIES | Scientific research and development | Research and experimental development on natural sciences and engineering | Research and experimental development on biotechnology",796
4,class,72.19,Other research and experimental development on natural sciences and engineering,class:72.19,group:72.1,M,"PROFESSIONAL, SCIENTIFIC AND TECHNICAL ACTIVITIES",72,Scientific research and development,72.1,Research and experimental development on natural sciences and engineering,72.19,Other research and experimental development on natural sciences and engineering,M | 72 | 72.1 | 72.19,"PROFESSIONAL, SCIENTIFIC AND TECHNICAL ACTIVITIES | Scientific research and development | Research and experimental development on natural sciences and engineering | Other research and experimental development on natural sciences and engineering",797
3,group,72.2,Research and experimental development on social sciences and humanities,group:72.2,division:72,M,"PROFESSIONAL, SCIENTIFIC AND TECHNICAL ACTIVITIES",72,Scientific research and development,72.2,Research and experimental development on social sciences and humanities,,,M | 72 | 72.2,"PROFESSIONAL, SCIENTIFIC AND TECHNICAL ACTIVITIES | Scientific research and development | Research and experimental development on social sciences and humanities",798
4,class,72.20,Research and experimental development on social sciences and humanities,class:72.20,group:72.2,M,"PROFESSIONAL, SCIENTIFIC AND TECHNICAL ACTIVITIES",72,Scientific research and development,72.2,Research and experimental development on social sciences and humanities,72.20,Research and experimental development on social sciences and humanities,M | 72 | 72.2 | 72.20,"PROFESSIONAL, SCIENTIFIC AND TECHNICAL ACTIVITIES | Scientific research and development | Research and experimental development on social sciences and humanities | Research and experimental development on social sciences and humanities",799
2,division,73,Advertising and market research,division:73,section:M,M,"PROFESSIONAL, SCIENTIFIC AND TECHNICAL ACTIVITIES",73,Advertising and market research,,,,,M | 73,"PROFESSIONAL, SCIENTIFIC AND TECHNICAL ACTIVITIES | Advertising and market research",800
3,group,73.1,Advertising,group:73.1,division:73,M,"PROFESSIONAL, SCIENTIFIC AND TECHNICAL ACTIVITIES",73,Advertising and market research,73.1,Advertising,,,M | 73 | 73.1,"PROFESSIONAL, SCIENTIFIC AND TECHNICAL ACTIVITIES | Advertising and market research | Advertising",801
4,class,73.11,Advertising agencies,class:73.11,group:73.1,M,"PROFESSIONAL, SCIENTIFIC AND TECHNICAL ACTIVITIES",73,Advertising and market research,73.1,Advertising,73.11,Advertising agencies,M | 73 | 73.1 | 73.11,"PROFESSIONAL, SCIENTIFIC AND TECHNICAL ACTIVITIES | Advertising and market research | Advertising | Advertising agencies",802
4,class,73.12,Media representation,class:73.12,group:73.1,M,"PROFESSIONAL, SCIENTIFIC AND TECHNICAL ACTIVITIES",73,Advertising and market research,73.1,Advertising,73.12,Media representation,M | 73 | 73.1 | 73.12,"PROFESSIONAL, SCIENTIFIC AND TECHNICAL ACTIVITIES | Advertising and market research | Advertising | Media representation",803
3,group,73.2,Market research and public opinion polling,group:73.2,division:73,M,"PROFESSIONAL, SCIENTIFIC AND TECHNICAL ACTIVITIES",73,Advertising and market research,73.2,Market research and public opinion polling,,,M | 73 | 73.2,"PROFESSIONAL, SCIENTIFIC AND TECHNICAL ACTIVITIES | Advertising and market research | Market research and public opinion polling",804
4,class,73.20,Market research and public opinion polling,class:73.20,group:73.2,M,"PROFESSIONAL, SCIENTIFIC AND TECHNICAL ACTIVITIES",73,Advertising and market research,73.2,Market research and public opinion polling,73.20,Market research and public opinion polling,M | 73 | 73.2 | 73.20,"PROFESSIONAL, SCIENTIFIC AND TECHNICAL ACTIVITIES | Advertising and market research | Market research and public opinion polling | Market research and public opinion polling",805
2,division,74,"Other professional, scientific and technical activities",division:74,section:M,M,"PROFESSIONAL, SCIENTIFIC AND TECHNICAL ACTIVITIES",74,"Other professional, scientific and technical activities",,,,,M | 74,"PROFESSIONAL, SCIENTIFIC AND TECHNICAL ACTIVITIES | Other professional, scientific and technical activities",806
3,group,74.1,Specialised design activities,group:74.1,division:74,M,"PROFESSIONAL, SCIENTIFIC AND TECHNICAL ACTIVITIES",74,"Other professional, scientific and technical activities",74.1,Specialised design activities,,,M | 74 | 74.1,"PROFESSIONAL, SCIENTIFIC AND TECHNICAL ACTIVITIES | Other professional, scientific and technical activities | Specialised design activities",807
4,class,74.10,Specialised design activities,class:74.10,group:74.1,M,"PROFESSIONAL, SCIENTIFIC AND TECHNICAL ACTIVITIES",74,"Other professional, scientific and technical activities",74.1,Specialised design activities,74.10,Specialised design activities,M | 74 | 74.1 | 74.10,"PROFESSIONAL, SCIENTIFIC AND TECHNICAL ACTIVITIES | Other professional, scientific and technical activities | Specialised design activities | Specialised design activities",808
3,group,74.2,Photographic activities,group:74.2,division:74,M,"PROFESSIONAL, SCIENTIFIC AND TECHNICAL ACTIVITIES",74,"Other professional, scientific and technical activities",74.2,Photographic activities,,,M | 74 | 74.2,"PROFESSIONAL, SCIENTIFIC AND TECHNICAL ACTIVITIES | Other professional, scientific and technical activities | Photographic activities",809
4,class,74.20,Photographic activities,class:74.20,group:74.2,M,"PROFESSIONAL, SCIENTIFIC AND TECHNICAL ACTIVITIES",74,"Other professional, scientific and technical activities",74.2,Photographic activities,74.20,Photographic activities,M | 74 | 74.2 | 74.20,"PROFESSIONAL, SCIENTIFIC AND TECHNICAL ACTIVITIES | Other professional, scientific and technical activities | Photographic activities | Photographic activities",810
3,group,74.3,Translation and interpretation activities,group:74.3,division:74,M,"PROFESSIONAL, SCIENTIFIC AND TECHNICAL ACTIVITIES",74,"Other professional, scientific and technical activities",74.3,Translation and interpretation activities,,,M | 74 | 74.3,"PROFESSIONAL, SCIENTIFIC AND TECHNICAL ACTIVITIES | Other professional, scientific and technical activities | Translation and interpretation activities",811
4,class,74.30,Translation and interpretation activities,class:74.30,group:74.3,M,"PROFESSIONAL, SCIENTIFIC AND TECHNICAL ACTIVITIES",74,"Other professional, scientific and technical activities",74.3,Translation and interpretation activities,74.30,Translation and interpretation activities,M | 74 | 74.3 | 74.30,"PROFESSIONAL, SCIENTIFIC AND TECHNICAL ACTIVITIES | Other professional, scientific and technical activities | Translation and interpretation activities | Translation and interpretation activities",812
3,group,74.9,"Other professional, scientific and technical activities n.e.c.",group:74.9,division:74,M,"PROFESSIONAL, SCIENTIFIC AND TECHNICAL ACTIVITIES",74,"Other professional, scientific and technical activities",74.9,"Other professional, scientific and technical activities n.e.c.",,,M | 74 | 74.9,"PROFESSIONAL, SCIENTIFIC AND TECHNICAL ACTIVITIES | Other professional, scientific and technical activities | Other professional, scientific and technical activities n.e.c.",813
4,class,74.90,"Other professional, scientific and technical activities n.e.c.",class:74.90,group:74.9,M,"PROFESSIONAL, SCIENTIFIC AND TECHNICAL ACTIVITIES",74,"Other professional, scientific and technical activities",74.9,"Other professional, scientific and technical activities n.e.c.",74.90,"Other professional, scientific and technical activities n.e.c.",M | 74 | 74.9 | 74.90,"PROFESSIONAL, SCIENTIFIC AND TECHNICAL ACTIVITIES | Other professional, scientific and technical activities | Other professional, scientific and technical activities n.e.c. | Other professional, scientific and technical activities n.e.c.",814
2,division,75,Veterinary activities,division:75,section:M,M,"PROFESSIONAL, SCIENTIFIC AND TECHNICAL ACTIVITIES",75,Veterinary activities,,,,,M | 75,"PROFESSIONAL, SCIENTIFIC AND TECHNICAL ACTIVITIES | Veterinary activities",815
3,group,75.0,Veterinary activities,group:75.0,division:75,M,"PROFESSIONAL, SCIENTIFIC AND TECHNICAL ACTIVITIES",75,Veterinary activities,75.0,Veterinary activities,,,M | 75 | 75.0,"PROFESSIONAL, SCIENTIFIC AND TECHNICAL ACTIVITIES | Veterinary activities | Veterinary activities",816
4,class,75.00,Veterinary activities,class:75.00,group:75.0,M,"PROFESSIONAL, SCIENTIFIC AND TECHNICAL ACTIVITIES",75,Veterinary activities,75.0,Veterinary activities,75.00,Veterinary activities,M | 75 | 75.0 | 75.00,"PROFESSIONAL, SCIENTIFIC AND TECHNICAL ACTIVITIES | Veterinary activities | Veterinary activities | Veterinary activities",817
1,section,N,ADMINISTRATIVE AND SUPPORT SERVICE ACTIVITIES,section:N,,N,ADMINISTRATIVE AND SUPPORT SERVICE ACTIVITIES,,,,,,,N,ADMINISTRATIVE AND SUPPORT SERVICE ACTIVITIES,818
2,division,77,Rental and leasing activities,division:77,section:N,N,ADMINISTRATIVE AND SUPPORT SERVICE ACTIVITIES,77,Rental and leasing activities,,,,,N | 77,ADMINISTRATIVE AND SUPPORT SERVICE ACTIVITIES | Rental and leasing activities,819
3,group,77.1,Rental and leasing of motor vehicles,group:77.1,division:77,N,ADMINISTRATIVE AND SUPPORT SERVICE ACTIVITIES,77,Rental and leasing activities,77.1,Rental and leasing of motor vehicles,,,N | 77 | 77.1,ADMINISTRATIVE AND SUPPORT SERVICE ACTIVITIES | Rental and leasing activities | Rental and leasing of motor vehicles,820
4,class,77.11,Rental and leasing of cars and light motor vehicles,class:77.11,group:77.1,N,ADMINISTRATIVE AND SUPPORT SERVICE ACTIVITIES,77,Rental and leasing activities,77.1,Rental and leasing of motor vehicles,77.11,Rental and leasing of cars and light motor vehicles,N | 77 | 77.1 | 77.11,ADMINISTRATIVE AND SUPPORT SERVICE ACTIVITIES | Rental and leasing activities | Rental and leasing of motor vehicles | Rental and leasing of cars and light motor vehicles,821
4,class,77.12,Rental and leasing of trucks,class:77.12,group:77.1,N,ADMINISTRATIVE AND SUPPORT SERVICE ACTIVITIES,77,Rental and leasing activities,77.1,Rental and leasing of motor vehicles,77.12,Rental and leasing of trucks,N | 77 | 77.1 | 77.12,ADMINISTRATIVE AND SUPPORT SERVICE ACTIVITIES | Rental and leasing activities | Rental and leasing of motor vehicles | Rental and leasing of trucks,822
3,group,77.2,Rental and leasing of personal and household goods,group:77.2,division:77,N,ADMINISTRATIVE AND SUPPORT SERVICE ACTIVITIES,77,Rental and leasing activities,77.2,Rental and leasing of personal and household goods,,,N | 77 | 77.2,ADMINISTRATIVE AND SUPPORT SERVICE ACTIVITIES | Rental and leasing activities | Rental and leasing of personal and household goods,823
4,class,77.21,Rental and leasing of recreational and sports goods,class:77.21,group:77.2,N,ADMINISTRATIVE AND SUPPORT SERVICE ACTIVITIES,77,Rental and leasing activities,77.2,Rental and leasing of personal and household goods,77.21,Rental and leasing of recreational and sports goods,N | 77 | 77.2 | 77.21,ADMINISTRATIVE AND SUPPORT SERVICE ACTIVITIES | Rental and leasing activities | Rental and leasing of personal and household goods | Rental and leasing of recreational and sports goods,824
4,class,77.22,Rental of video tapes and disks,class:77.22,group:77.2,N,ADMINISTRATIVE AND SUPPORT SERVICE ACTIVITIES,77,Rental and leasing activities,77.2,Rental and leasing of personal and household goods,77.22,Rental of video tapes and disks,N | 77 | 77.2 | 77.22,ADMINISTRATIVE AND SUPPORT SERVICE ACTIVITIES | Rental and leasing activities | Rental and leasing of personal and household goods | Rental of video tapes and disks,825
4,class,77.29,Rental and leasing of other personal and household goods,class:77.29,group:77.2,N,ADMINISTRATIVE AND SUPPORT SERVICE ACTIVITIES,77,Rental and leasing activities,77.2,Rental and leasing of personal and household goods,77.29,Rental and leasing of other personal and household goods,N | 77 | 77.2 | 77.29,ADMINISTRATIVE AND SUPPORT SERVICE ACTIVITIES | Rental and leasing activities | Rental and leasing of personal and household goods | Rental and leasing of other personal and household goods,826
3,group,77.3,"Rental and leasing of other machinery, equipment and tangible goods",group:77.3,division:77,N,ADMINISTRATIVE AND SUPPORT SERVICE ACTIVITIES,77,Rental and leasing activities,77.3,"Rental and leasing of other machinery, equipment and tangible goods",,,N | 77 | 77.3,"ADMINISTRATIVE AND SUPPORT SERVICE ACTIVITIES | Rental and leasing activities | Rental and leasing of other machinery, equipment and tangible goods",827
4,class,77.31,Rental and leasing of agricultural machinery and equipment,class:77.31,group:77.3,N,ADMINISTRATIVE AND SUPPORT SERVICE ACTIVITIES,77,Rental and leasing activities,77.3,"Rental and leasing of other machinery, equipment and tangible goods",77.31,Rental and leasing of agricultural machinery and equipment,N | 77 | 77.3 | 77.31,"ADMINISTRATIVE AND SUPPORT SERVICE ACTIVITIES | Rental and leasing activities | Rental and leasing of other machinery, equipment and tangible goods | Rental and leasing of agricultural machinery and equipment",828
4,class,77.32,Rental and leasing of construction and civil engineering machinery and equipment,class:77.32,group:77.3,N,ADMINISTRATIVE AND SUPPORT SERVICE ACTIVITIES,77,Rental and leasing activities,77.3,"Rental and leasing of other machinery, equipment and tangible goods",77.32,Rental and leasing of construction and civil engineering machinery and equipment,N | 77 | 77.3 | 77.32,"ADMINISTRATIVE AND SUPPORT SERVICE ACTIVITIES | Rental and leasing activities | Rental and leasing of other machinery, equipment and tangible goods | Rental and leasing of construction and civil engineering machinery and equipment",829
4,class,77.33,Rental and leasing of office machinery and equipment (including computers),class:77.33,group:77.3,N,ADMINISTRATIVE AND SUPPORT SERVICE ACTIVITIES,77,Rental and leasing activities,77.3,"Rental and leasing of other machinery, equipment and tangible goods",77.33,Rental and leasing of office machinery and equipment (including computers),N | 77 | 77.3 | 77.33,"ADMINISTRATIVE AND SUPPORT SERVICE ACTIVITIES | Rental and leasing activities | Rental and leasing of other machinery, equipment and tangible goods | Rental and leasing of office machinery and equipment (including computers)",830
4,class,77.34,Rental and leasing of water transport equipment,class:77.34,group:77.3,N,ADMINISTRATIVE AND SUPPORT SERVICE ACTIVITIES,77,Rental and leasing activities,77.3,"Rental and leasing of other machinery, equipment and tangible goods",77.34,Rental and leasing of water transport equipment,N | 77 | 77.3 | 77.34,"ADMINISTRATIVE AND SUPPORT SERVICE ACTIVITIES | Rental and leasing activities | Rental and leasing of other machinery, equipment and tangible goods | Rental and leasing of water transport equipment",831
4,class,77.35,Rental and leasing of air transport equipment,class:77.35,group:77.3,N,ADMINISTRATIVE AND SUPPORT SERVICE ACTIVITIES,77,Rental and leasing activities,77.3,"Rental and leasing of other machinery, equipment and tangible goods",77.35,Rental and leasing of air transport equipment,N | 77 | 77.3 | 77.35,"ADMINISTRATIVE AND SUPPORT SERVICE ACTIVITIES | Rental and leasing activities | Rental and leasing of other machinery, equipment and tangible goods | Rental and leasing of air transport equipment",832
4,class,77.39,"Rental and leasing of other machinery, equipment and tangible goods n.e.c.",class:77.39,group:77.3,N,ADMINISTRATIVE AND SUPPORT SERVICE ACTIVITIES,77,Rental and leasing activities,77.3,"Rental and leasing of other machinery, equipment and tangible goods",77.39,"Rental and leasing of other machinery, equipment and tangible goods n.e.c.",N | 77 | 77.3 | 77.39,"ADMINISTRATIVE AND SUPPORT SERVICE ACTIVITIES | Rental and leasing activities | Rental and leasing of other machinery, equipment and tangible goods | Rental and leasing of other machinery, equipment and tangible goods n.e.c.",833
3,group,77.4,"Leasing of intellectual property and similar products, except copyrighted works",group:77.4,division:77,N,ADMINISTRATIVE AND SUPPORT SERVICE ACTIVITIES,77,Rental and leasing activities,77.4,"Leasing of intellectual property and similar products, except copyrighted works",,,N | 77 | 77.4,"ADMINISTRATIVE AND SUPPORT SERVICE ACTIVITIES | Rental and leasing activities | Leasing of intellectual property and similar products, except copyrighted works",834
4,class,77.40,"Leasing of intellectual property and similar products, except copyrighted works",class:77.40,group:77.4,N,ADMINISTRATIVE AND SUPPORT SERVICE ACTIVITIES,77,Rental and leasing activities,77.4,"Leasing of intellectual property and similar products, except copyrighted works",77.40,"Leasing of intellectual property and similar products, except copyrighted works",N | 77 | 77.4 | 77.40,"ADMINISTRATIVE AND SUPPORT SERVICE ACTIVITIES | Rental and leasing activities | Leasing of intellectual property and similar products, except copyrighted works | Leasing of intellectual property and similar products, except copyrighted works",835
2,division,78,Employment activities,division:78,section:N,N,ADMINISTRATIVE AND SUPPORT SERVICE ACTIVITIES,78,Employment activities,,,,,N | 78,ADMINISTRATIVE AND SUPPORT SERVICE ACTIVITIES | Employment activities,836
3,group,78.1,Activities of employment placement agencies,group:78.1,division:78,N,ADMINISTRATIVE AND SUPPORT SERVICE ACTIVITIES,78,Employment activities,78.1,Activities of employment placement agencies,,,N | 78 | 78.1,ADMINISTRATIVE AND SUPPORT SERVICE ACTIVITIES | Employment activities | Activities of employment placement agencies,837
4,class,78.10,Activities of employment placement agencies,class:78.10,group:78.1,N,ADMINISTRATIVE AND SUPPORT SERVICE ACTIVITIES,78,Employment activities,78.1,Activities of employment placement agencies,78.10,Activities of employment placement agencies,N | 78 | 78.1 | 78.10,ADMINISTRATIVE AND SUPPORT SERVICE ACTIVITIES | Employment activities | Activities of employment placement agencies | Activities of employment placement agencies,838
3,group,78.2,Temporary employment agency activities,group:78.2,division:78,N,ADMINISTRATIVE AND SUPPORT SERVICE ACTIVITIES,78,Employment activities,78.2,Temporary employment agency activities,,,N | 78 | 78.2,ADMINISTRATIVE AND SUPPORT SERVICE ACTIVITIES | Employment activities | Temporary employment agency activities,839
4,class,78.20,Temporary employment agency activities,class:78.20,group:78.2,N,ADMINISTRATIVE AND SUPPORT SERVICE ACTIVITIES,78,Employment activities,78.2,Temporary employment agency activities,78.20,Temporary employment agency activities,N | 78 | 78.2 | 78.20,ADMINISTRATIVE AND SUPPORT SERVICE ACTIVITIES | Employment activities | Temporary employment agency activities | Temporary employment agency activities,840
3,group,78.3,Other human resources provision,group:78.3,division:78,N,ADMINISTRATIVE AND SUPPORT SERVICE ACTIVITIES,78,Employment activities,78.3,Other human resources provision,,,N | 78 | 78.3,ADMINISTRATIVE AND SUPPORT SERVICE ACTIVITIES | Employment activities | Other human resources provision,841
4,class,78.30,Other human resources provision,class:78.30,group:78.3,N,ADMINISTRATIVE AND SUPPORT SERVICE ACTIVITIES,78,Employment activities,78.3,Other human resources provision,78.30,Other human resources provision,N | 78 | 78.3 | 78.30,ADMINISTRATIVE AND SUPPORT SERVICE ACTIVITIES | Employment activities | Other human resources provision | Other human resources provision,842
2,division,79,"Travel agency, tour operator and other reservation service and related activities",division:79,section:N,N,ADMINISTRATIVE AND SUPPORT SERVICE ACTIVITIES,79,"Travel agency, tour operator and other reservation service and related activities",,,,,N | 79,"ADMINISTRATIVE AND SUPPORT SERVICE ACTIVITIES | Travel agency, tour operator and other reservation service and related activities",843
3,group,79.1,Travel agency and tour operator activities,group:79.1,division:79,N,ADMINISTRATIVE AND SUPPORT SERVICE ACTIVITIES,79,"Travel agency, tour operator and other reservation service and related activities",79.1,Travel agency and tour operator activities,,,N | 79 | 79.1,"ADMINISTRATIVE AND SUPPORT SERVICE ACTIVITIES | Travel agency, tour operator and other reservation service and related activities | Travel agency and tour operator activities",844
4,class,79.11,Travel agency activities,class:79.11,group:79.1,N,ADMINISTRATIVE AND SUPPORT SERVICE ACTIVITIES,79,"Travel agency, tour operator and other reservation service and related activities",79.1,Travel agency and tour operator activities,79.11,Travel agency activities,N | 79 | 79.1 | 79.11,"ADMINISTRATIVE AND SUPPORT SERVICE ACTIVITIES | Travel agency, tour operator and other reservation service and related activities | Travel agency and tour operator activities | Travel agency activities",845
4,class,79.12,Tour operator activities,class:79.12,group:79.1,N,ADMINISTRATIVE AND SUPPORT SERVICE ACTIVITIES,79,"Travel agency, tour operator and other reservation service and related activities",79.1,Travel agency and tour operator activities,79.12,Tour operator activities,N | 79 | 79.1 | 79.12,"ADMINISTRATIVE AND SUPPORT SERVICE ACTIVITIES | Travel agency, tour operator and other reservation service and related activities | Travel agency and tour operator activities | Tour operator activities",846
3,group,79.9,Other reservation service and related activities,group:79.9,division:79,N,ADMINISTRATIVE AND SUPPORT SERVICE ACTIVITIES,79,"Travel agency, tour operator and other reservation service and related activities",79.9,Other reservation service and related activities,,,N | 79 | 79.9,"ADMINISTRATIVE AND SUPPORT SERVICE ACTIVITIES | Travel agency, tour operator and other reservation service and related activities | Other reservation service and related activities",847
4,class,79.90,Other reservation service and related activities,class:79.90,group:79.9,N,ADMINISTRATIVE AND SUPPORT SERVICE ACTIVITIES,79,"Travel agency, tour operator and other reservation service and related activities",79.9,Other reservation service and related activities,79.90,Other reservation service and related activities,N | 79 | 79.9 | 79.90,"ADMINISTRATIVE AND SUPPORT SERVICE ACTIVITIES | Travel agency, tour operator and other reservation service and related activities | Other reservation service and related activities | Other reservation service and related activities",848
2,division,80,Security and investigation activities,division:80,section:N,N,ADMINISTRATIVE AND SUPPORT SERVICE ACTIVITIES,80,Security and investigation activities,,,,,N | 80,ADMINISTRATIVE AND SUPPORT SERVICE ACTIVITIES | Security and investigation activities,849
3,group,80.1,Private security activities,group:80.1,division:80,N,ADMINISTRATIVE AND SUPPORT SERVICE ACTIVITIES,80,Security and investigation activities,80.1,Private security activities,,,N | 80 | 80.1,ADMINISTRATIVE AND SUPPORT SERVICE ACTIVITIES | Security and investigation activities | Private security activities,850
4,class,80.10,Private security activities,class:80.10,group:80.1,N,ADMINISTRATIVE AND SUPPORT SERVICE ACTIVITIES,80,Security and investigation activities,80.1,Private security activities,80.10,Private security activities,N | 80 | 80.1 | 80.10,ADMINISTRATIVE AND SUPPORT SERVICE ACTIVITIES | Security and investigation activities | Private security activities | Private security activities,851
3,group,80.2,Security systems service activities,group:80.2,division:80,N,ADMINISTRATIVE AND SUPPORT SERVICE ACTIVITIES,80,Security and investigation activities,80.2,Security systems service activities,,,N | 80 | 80.2,ADMINISTRATIVE AND SUPPORT SERVICE ACTIVITIES | Security and investigation activities | Security systems service activities,852
4,class,80.20,Security systems service activities,class:80.20,group:80.2,N,ADMINISTRATIVE AND SUPPORT SERVICE ACTIVITIES,80,Security and investigation activities,80.2,Security systems service activities,80.20,Security systems service activities,N | 80 | 80.2 | 80.20,ADMINISTRATIVE AND SUPPORT SERVICE ACTIVITIES | Security and investigation activities | Security systems service activities | Security systems service activities,853
3,group,80.3,Investigation activities,group:80.3,division:80,N,ADMINISTRATIVE AND SUPPORT SERVICE ACTIVITIES,80,Security and investigation activities,80.3,Investigation activities,,,N | 80 | 80.3,ADMINISTRATIVE AND SUPPORT SERVICE ACTIVITIES | Security and investigation activities | Investigation activities,854
4,class,80.30,Investigation activities,class:80.30,group:80.3,N,ADMINISTRATIVE AND SUPPORT SERVICE ACTIVITIES,80,Security and investigation activities,80.3,Investigation activities,80.30,Investigation activities,N | 80 | 80.3 | 80.30,ADMINISTRATIVE AND SUPPORT SERVICE ACTIVITIES | Security and investigation activities | Investigation activities | Investigation activities,855
2,division,81,Services to buildings and landscape activities,division:81,section:N,N,ADMINISTRATIVE AND SUPPORT SERVICE ACTIVITIES,81,Services to buildings and landscape activities,,,,,N | 81,ADMINISTRATIVE AND SUPPORT SERVICE ACTIVITIES | Services to buildings and landscape activities,856
3,group,81.1,Combined facilities support activities,group:81.1,division:81,N,ADMINISTRATIVE AND SUPPORT SERVICE ACTIVITIES,81,Services to buildings and landscape activities,81.1,Combined facilities support activities,,,N | 81 | 81.1,ADMINISTRATIVE AND SUPPORT SERVICE ACTIVITIES | Services to buildings and landscape activities | Combined facilities support activities,857
4,class,81.10,Combined facilities support activities,class:81.10,group:81.1,N,ADMINISTRATIVE AND SUPPORT SERVICE ACTIVITIES,81,Services to buildings and landscape activities,81.1,Combined facilities support activities,81.10,Combined facilities support activities,N | 81 | 81.1 | 81.10,ADMINISTRATIVE AND SUPPORT SERVICE ACTIVITIES | Services to buildings and landscape activities | Combined facilities support activities | Combined facilities support activities,858
3,group,81.2,Cleaning activities,group:81.2,division:81,N,ADMINISTRATIVE AND SUPPORT SERVICE ACTIVITIES,81,Services to buildings and landscape activities,81.2,Cleaning activities,,,N | 81 | 81.2,ADMINISTRATIVE AND SUPPORT SERVICE ACTIVITIES | Services to buildings and landscape activities | Cleaning activities,859
4,class,81.21,General cleaning of buildings,class:81.21,group:81.2,N,ADMINISTRATIVE AND SUPPORT SERVICE ACTIVITIES,81,Services to buildings and landscape activities,81.2,Cleaning activities,81.21,General cleaning of buildings,N | 81 | 81.2 | 81.21,ADMINISTRATIVE AND SUPPORT SERVICE ACTIVITIES | Services to buildings and landscape activities | Cleaning activities | General cleaning of buildings,860
4,class,81.22,Other building and industrial cleaning activities,class:81.22,group:81.2,N,ADMINISTRATIVE AND SUPPORT SERVICE ACTIVITIES,81,Services to buildings and landscape activities,81.2,Cleaning activities,81.22,Other building and industrial cleaning activities,N | 81 | 81.2 | 81.22,ADMINISTRATIVE AND SUPPORT SERVICE ACTIVITIES | Services to buildings and landscape activities | Cleaning activities | Other building and industrial cleaning activities,861
4,class,81.29,Other cleaning activities,class:81.29,group:81.2,N,ADMINISTRATIVE AND SUPPORT SERVICE ACTIVITIES,81,Services to buildings and landscape activities,81.2,Cleaning activities,81.29,Other cleaning activities,N | 81 | 81.2 | 81.29,ADMINISTRATIVE AND SUPPORT SERVICE ACTIVITIES | Services to buildings and landscape activities | Cleaning activities | Other cleaning activities,862
3,group,81.3,Landscape service activities,group:81.3,division:81,N,ADMINISTRATIVE AND SUPPORT SERVICE ACTIVITIES,81,Services to buildings and landscape activities,81.3,Landscape service activities,,,N | 81 | 81.3,ADMINISTRATIVE AND SUPPORT SERVICE ACTIVITIES | Services to buildings and landscape activities | Landscape service activities,863
4,class,81.30,Landscape service activities,class:81.30,group:81.3,N,ADMINISTRATIVE AND SUPPORT SERVICE ACTIVITIES,81,Services to buildings and landscape activities,81.3,Landscape service activities,81.30,Landscape service activities,N | 81 | 81.3 | 81.30,ADMINISTRATIVE AND SUPPORT SERVICE ACTIVITIES | Services to buildings and landscape activities | Landscape service activities | Landscape service activities,864
2,division,82,"Office administrative, office support and other business support activities",division:82,section:N,N,ADMINISTRATIVE AND SUPPORT SERVICE ACTIVITIES,82,"Office administrative, office support and other business support activities",,,,,N | 82,"ADMINISTRATIVE AND SUPPORT SERVICE ACTIVITIES | Office administrative, office support and other business support activities",865
3,group,82.1,Office administrative and support activities,group:82.1,division:82,N,ADMINISTRATIVE AND SUPPORT SERVICE ACTIVITIES,82,"Office administrative, office support and other business support activities",82.1,Office administrative and support activities,,,N | 82 | 82.1,"ADMINISTRATIVE AND SUPPORT SERVICE ACTIVITIES | Office administrative, office support and other business support activities | Office administrative and support activities",866
4,class,82.11,Combined office administrative service activities,class:82.11,group:82.1,N,ADMINISTRATIVE AND SUPPORT SERVICE ACTIVITIES,82,"Office administrative, office support and other business support activities",82.1,Office administrative and support activities,82.11,Combined office administrative service activities,N | 82 | 82.1 | 82.11,"ADMINISTRATIVE AND SUPPORT SERVICE ACTIVITIES | Office administrative, office support and other business support activities | Office administrative and support activities | Combined office administrative service activities",867
4,class,82.19,"Photocopying, document preparation and other specialised office support activities",class:82.19,group:82.1,N,ADMINISTRATIVE AND SUPPORT SERVICE ACTIVITIES,82,"Office administrative, office support and other business support activities",82.1,Office administrative and support activities,82.19,"Photocopying, document preparation and other specialised office support activities",N | 82 | 82.1 | 82.19,"ADMINISTRATIVE AND SUPPORT SERVICE ACTIVITIES | Office administrative, office support and other business support activities | Office administrative and support activities | Photocopying, document preparation and other specialised office support activities",868
3,group,82.2,Activities of call centres,group:82.2,division:82,N,ADMINISTRATIVE AND SUPPORT SERVICE ACTIVITIES,82,"Office administrative, office support and other business support activities",82.2,Activities of call centres,,,N | 82 | 82.2,"ADMINISTRATIVE AND SUPPORT SERVICE ACTIVITIES | Office administrative, office support and other business support activities | Activities of call centres",869
4,class,82.20,Activities of call centres,class:82.20,group:82.2,N,ADMINISTRATIVE AND SUPPORT SERVICE ACTIVITIES,82,"Office administrative, office support and other business support activities",82.2,Activities of call centres,82.20,Activities of call centres,N | 82 | 82.2 | 82.20,"ADMINISTRATIVE AND SUPPORT SERVICE ACTIVITIES | Office administrative, office support and other business support activities | Activities of call centres | Activities of call centres",870
3,group,82.3,Organisation of conventions and trade shows,group:82.3,division:82,N,ADMINISTRATIVE AND SUPPORT SERVICE ACTIVITIES,82,"Office administrative, office support and other business support activities",82.3,Organisation of conventions and trade shows,,,N | 82 | 82.3,"ADMINISTRATIVE AND SUPPORT SERVICE ACTIVITIES | Office administrative, office support and other business support activities | Organisation of conventions and trade shows",871
4,class,82.30,Organisation of conventions and trade shows,class:82.30,group:82.3,N,ADMINISTRATIVE AND SUPPORT SERVICE ACTIVITIES,82,"Office administrative, office support and other business support activities",82.3,Organisation of conventions and trade shows,82.30,Organisation of conventions and trade shows,N | 82 | 82.3 | 82.30,"ADMINISTRATIVE AND SUPPORT SERVICE ACTIVITIES | Office administrative, office support and other business support activities | Organisation of conventions and trade shows | Organisation of conventions and trade shows",872
3,group,82.9,Business support service activities n.e.c.,group:82.9,division:82,N,ADMINISTRATIVE AND SUPPORT SERVICE ACTIVITIES,82,"Office administrative, office support and other business support activities",82.9,Business support service activities n.e.c.,,,N | 82 | 82.9,"ADMINISTRATIVE AND SUPPORT SERVICE ACTIVITIES | Office administrative, office support and other business support activities | Business support service activities n.e.c.",873
4,class,82.91,Activities of collection agencies and credit bureaus,class:82.91,group:82.9,N,ADMINISTRATIVE AND SUPPORT SERVICE ACTIVITIES,82,"Office administrative, office support and other business support activities",82.9,Business support service activities n.e.c.,82.91,Activities of collection agencies and credit bureaus,N | 82 | 82.9 | 82.91,"ADMINISTRATIVE AND SUPPORT SERVICE ACTIVITIES | Office administrative, office support and other business support activities | Business support service activities n.e.c. | Activities of collection agencies and credit bureaus",874
4,class,82.92,Packaging activities,class:82.92,group:82.9,N,ADMINISTRATIVE AND SUPPORT SERVICE ACTIVITIES,82,"Office administrative, office support and other business support activities",82.9,Business support service activities n.e.c.,82.92,Packaging activities,N | 82 | 82.9 | 82.92,"ADMINISTRATIVE AND SUPPORT SERVICE ACTIVITIES | Office administrative, office support and other business support activities | Business support service activities n.e.c. | Packaging activities",875
4,class,82.99,Other business support service activities n.e.c.,class:82.99,group:82.9,N,ADMINISTRATIVE AND SUPPORT SERVICE ACTIVITIES,82,"Office administrative, office support and other business support activities",82.9,Business support service activities n.e.c.,82.99,Other business support service activities n.e.c.,N | 82 | 82.9 | 82.99,"ADMINISTRATIVE AND SUPPORT SERVICE ACTIVITIES | Office administrative, office support and other business support activities | Business support service activities n.e.c. | Other business support service activities n.e.c.",876
1,section,O,PUBLIC ADMINISTRATION AND DEFENCE; COMPULSORY SOCIAL SECURITY,section:O,,O,PUBLIC ADMINISTRATION AND DEFENCE; COMPULSORY SOCIAL SECURITY,,,,,,,O,PUBLIC ADMINISTRATION AND DEFENCE; COMPULSORY SOCIAL SECURITY,877
2,division,84,Public administration and defence; compulsory social security,division:84,section:O,O,PUBLIC ADMINISTRATION AND DEFENCE; COMPULSORY SOCIAL SECURITY,84,Public administration and defence; compulsory social security,,,,,O | 84,PUBLIC ADMINISTRATION AND DEFENCE; COMPULSORY SOCIAL SECURITY | Public administration and defence; compulsory social security,878
3,group,84.1,Administration of the State and the economic and social policy of the community,group:84.1,division:84,O,PUBLIC ADMINISTRATION AND DEFENCE; COMPULSORY SOCIAL SECURITY,84,Public administration and defence; compulsory social security,84.1,Administration of the State and the economic and social policy of the community,,,O | 84 | 84.1,PUBLIC ADMINISTRATION AND DEFENCE; COMPULSORY SOCIAL SECURITY | Public administration and defence; compulsory social security | Administration of the State and the economic and social policy of the community,879
4,class,84.11,General public administration activities,class:84.11,group:84.1,O,PUBLIC ADMINISTRATION AND DEFENCE; COMPULSORY SOCIAL SECURITY,84,Public administration and defence; compulsory social security,84.1,Administration of the State and the economic and social policy of the community,84.11,General public administration activities,O | 84 | 84.1 | 84.11,PUBLIC ADMINISTRATION AND DEFENCE; COMPULSORY SOCIAL SECURITY | Public administration and defence; compulsory social security | Administration of the State and the economic and social policy of the community | General public administration activities,880
4,class,84.12,"Regulation of the activities of providing health care, education, cultural services and other social services, excluding social security",class:84.12,group:84.1,O,PUBLIC ADMINISTRATION AND DEFENCE; COMPULSORY SOCIAL SECURITY,84,Public administration and defence; compulsory social security,84.1,Administration of the State and the economic and social policy of the community,84.12,"Regulation of the activities of providing health care, education, cultural services and other social services, excluding social security",O | 84 | 84.1 | 84.12,"PUBLIC ADMINISTRATION AND DEFENCE; COMPULSORY SOCIAL SECURITY | Public administration and defence; compulsory social security | Administration of the State and the economic and social policy of the community | Regulation of the activities of providing health care, education, cultural services and other social services, excluding social security",881
4,class,84.13,Regulation of and contribution to more efficient operation of businesses,class:84.13,group:84.1,O,PUBLIC ADMINISTRATION AND DEFENCE; COMPULSORY SOCIAL SECURITY,84,Public administration and defence; compulsory social security,84.1,Administration of the State and the economic and social policy of the community,84.13,Regulation of and contribution to more efficient operation of businesses,O | 84 | 84.1 | 84.13,PUBLIC ADMINISTRATION AND DEFENCE; COMPULSORY SOCIAL SECURITY | Public administration and defence; compulsory social security | Administration of the State and the economic and social policy of the community | Regulation of and contribution to more efficient operation of businesses,882
3,group,84.2,Provision of services to the community as a whole,group:84.2,division:84,O,PUBLIC ADMINISTRATION AND DEFENCE; COMPULSORY SOCIAL SECURITY,84,Public administration and defence; compulsory social security,84.2,Provision of services to the community as a whole,,,O | 84 | 84.2,PUBLIC ADMINISTRATION AND DEFENCE; COMPULSORY SOCIAL SECURITY | Public administration and defence; compulsory social security | Provision of services to the community as a whole,883
4,class,84.21,Foreign affairs,class:84.21,group:84.2,O,PUBLIC ADMINISTRATION AND DEFENCE; COMPULSORY SOCIAL SECURITY,84,Public administration and defence; compulsory social security,84.2,Provision of services to the community as a whole,84.21,Foreign affairs,O | 84 | 84.2 | 84.21,PUBLIC ADMINISTRATION AND DEFENCE; COMPULSORY SOCIAL SECURITY | Public administration and defence; compulsory social security | Provision of services to the community as a whole | Foreign affairs,884
4,class,84.22,Defence activities,class:84.22,group:84.2,O,PUBLIC ADMINISTRATION AND DEFENCE; COMPULSORY SOCIAL SECURITY,84,Public administration and defence; compulsory social security,84.2,Provision of services to the community as a whole,84.22,Defence activities,O | 84 | 84.2 | 84.22,PUBLIC ADMINISTRATION AND DEFENCE; COMPULSORY SOCIAL SECURITY | Public administration and defence; compulsory social security | Provision of services to the community as a whole | Defence activities,885
4,class,84.23,Justice and judicial activities,class:84.23,group:84.2,O,PUBLIC ADMINISTRATION AND DEFENCE; COMPULSORY SOCIAL SECURITY,84,Public administration and defence; compulsory social security,84.2,Provision of services to the community as a whole,84.23,Justice and judicial activities,O | 84 | 84.2 | 84.23,PUBLIC ADMINISTRATION AND DEFENCE; COMPULSORY SOCIAL SECURITY | Public administration and defence; compulsory social security | Provision of services to the community as a whole | Justice and judicial activities,886
4,class,84.24,Public order and safety activities,class:84.24,group:84.2,O,PUBLIC ADMINISTRATION AND DEFENCE; COMPULSORY SOCIAL SECURITY,84,Public administration and defence; compulsory social security,84.2,Provision of services to the community as a whole,84.24,Public order and safety activities,O | 84 | 84.2 | 84.24,PUBLIC ADMINISTRATION AND DEFENCE; COMPULSORY SOCIAL SECURITY | Public administration and defence; compulsory social security | Provision of services to the community as a whole | Public order and safety activities,887
4,class,84.25,Fire service activities,class:84.25,group:84.2,O,PUBLIC ADMINISTRATION AND DEFENCE; COMPULSORY SOCIAL SECURITY,84,Public administration and defence; compulsory social security,84.2,Provision of services to the community as a whole,84.25,Fire service activities,O | 84 | 84.2 | 84.25,PUBLIC ADMINISTRATION AND DEFENCE; COMPULSORY SOCIAL SECURITY | Public administration and defence; compulsory social security | Provision of services to the community as a whole | Fire service activities,888
3,group,84.3,Compulsory social security activities,group:84.3,division:84,O,PUBLIC ADMINISTRATION AND DEFENCE; COMPULSORY SOCIAL SECURITY,84,Public administration and defence; compulsory social security,84.3,Compulsory social security activities,,,O | 84 | 84.3,PUBLIC ADMINISTRATION AND DEFENCE; COMPULSORY SOCIAL SECURITY | Public administration and defence; compulsory social security | Compulsory social security activities,889
4,class,84.30,Compulsory social security activities,class:84.30,group:84.3,O,PUBLIC ADMINISTRATION AND DEFENCE; COMPULSORY SOCIAL SECURITY,84,Public administration and defence; compulsory social security,84.3,Compulsory social security activities,84.30,Compulsory social security activities,O | 84 | 84.3 | 84.30,PUBLIC ADMINISTRATION AND DEFENCE; COMPULSORY SOCIAL SECURITY | Public administration and defence; compulsory social security | Compulsory social security activities | Compulsory social security activities,890
1,section,P,EDUCATION,section:P,,P,EDUCATION,,,,,,,P,EDUCATION,891
2,division,85,Education,division:85,section:P,P,EDUCATION,85,Education,,,,,P | 85,EDUCATION | Education,892
3,group,85.1,Pre-primary education,group:85.1,division:85,P,EDUCATION,85,Education,85.1,Pre-primary education,,,P | 85 | 85.1,EDUCATION | Education | Pre-primary education,893
4,class,85.10,Pre-primary education,class:85.10,group:85.1,P,EDUCATION,85,Education,85.1,Pre-primary education,85.10,Pre-primary education,P | 85 | 85.1 | 85.10,EDUCATION | Education | Pre-primary education | Pre-primary education,894
3,group,85.2,Primary education,group:85.2,division:85,P,EDUCATION,85,Education,85.2,Primary education,,,P | 85 | 85.2,EDUCATION | Education | Primary education,895
4,class,85.20,Primary education,class:85.20,group:85.2,P,EDUCATION,85,Education,85.2,Primary education,85.20,Primary education,P | 85 | 85.2 | 85.20,EDUCATION | Education | Primary education | Primary education,896
3,group,85.3,Secondary education,group:85.3,division:85,P,EDUCATION,85,Education,85.3,Secondary education,,,P | 85 | 85.3,EDUCATION | Education | Secondary education,897
4,class,85.31,General secondary education,class:85.31,group:85.3,P,EDUCATION,85,Education,85.3,Secondary education,85.31,General secondary education,P | 85 | 85.3 | 85.31,EDUCATION | Education | Secondary education | General secondary education,898
4,class,85.32,Technical and vocational secondary education,class:85.32,group:85.3,P,EDUCATION,85,Education,85.3,Secondary education,85.32,Technical and vocational secondary education,P | 85 | 85.3 | 85.32,EDUCATION | Education | Secondary education | Technical and vocational secondary education,899
3,group,85.4,Higher education,group:85.4,division:85,P,EDUCATION,85,Education,85.4,Higher education,,,P | 85 | 85.4,EDUCATION | Education | Higher education,900
4,class,85.41,Post-secondary non-tertiary education,class:85.41,group:85.4,P,EDUCATION,85,Education,85.4,Higher education,85.41,Post-secondary non-tertiary education,P | 85 | 85.4 | 85.41,EDUCATION | Education | Higher education | Post-secondary non-tertiary education,901
4,class,85.42,Tertiary education,class:85.42,group:85.4,P,EDUCATION,85,Education,85.4,Higher education,85.42,Tertiary education,P | 85 | 85.4 | 85.42,EDUCATION | Education | Higher education | Tertiary education,902
3,group,85.5,Other education,group:85.5,division:85,P,EDUCATION,85,Education,85.5,Other education,,,P | 85 | 85.5,EDUCATION | Education | Other education,903
4,class,85.51,Sports and recreation education,class:85.51,group:85.5,P,EDUCATION,85,Education,85.5,Other education,85.51,Sports and recreation education,P | 85 | 85.5 | 85.51,EDUCATION | Education | Other education | Sports and recreation education,904
4,class,85.52,Cultural education,class:85.52,group:85.5,P,EDUCATION,85,Education,85.5,Other education,85.52,Cultural education,P | 85 | 85.5 | 85.52,EDUCATION | Education | Other education | Cultural education,905
4,class,85.53,Driving school activities,class:85.53,group:85.5,P,EDUCATION,85,Education,85.5,Other education,85.53,Driving school activities,P | 85 | 85.5 | 85.53,EDUCATION | Education | Other education | Driving school activities,906
4,class,85.59,Other education n.e.c.,class:85.59,group:85.5,P,EDUCATION,85,Education,85.5,Other education,85.59,Other education n.e.c.,P | 85 | 85.5 | 85.59,EDUCATION | Education | Other education | Other education n.e.c.,907
3,group,85.6,Educational support activities,group:85.6,division:85,P,EDUCATION,85,Education,85.6,Educational support activities,,,P | 85 | 85.6,EDUCATION | Education | Educational support activities,908
4,class,85.60,Educational support activities,class:85.60,group:85.6,P,EDUCATION,85,Education,85.6,Educational support activities,85.60,Educational support activities,P | 85 | 85.6 | 85.60,EDUCATION | Education | Educational support activities | Educational support activities,909
1,section,Q,HUMAN HEALTH AND SOCIAL WORK ACTIVITIES,section:Q,,Q,HUMAN HEALTH AND SOCIAL WORK ACTIVITIES,,,,,,,Q,HUMAN HEALTH AND SOCIAL WORK ACTIVITIES,910
2,division,86,Human health activities,division:86,section:Q,Q,HUMAN HEALTH AND SOCIAL WORK ACTIVITIES,86,Human health activities,,,,,Q | 86,HUMAN HEALTH AND SOCIAL WORK ACTIVITIES | Human health activities,911
3,group,86.1,Hospital activities,group:86.1,division:86,Q,HUMAN HEALTH AND SOCIAL WORK ACTIVITIES,86,Human health activities,86.1,Hospital activities,,,Q | 86 | 86.1,HUMAN HEALTH AND SOCIAL WORK ACTIVITIES | Human health activities | Hospital activities,912
4,class,86.10,Hospital activities,class:86.10,group:86.1,Q,HUMAN HEALTH AND SOCIAL WORK ACTIVITIES,86,Human health activities,86.1,Hospital activities,86.10,Hospital activities,Q | 86 | 86.1 | 86.10,HUMAN HEALTH AND SOCIAL WORK ACTIVITIES | Human health activities | Hospital activities | Hospital activities,913
3,group,86.2,Medical and dental practice activities,group:86.2,division:86,Q,HUMAN HEALTH AND SOCIAL WORK ACTIVITIES,86,Human health activities,86.2,Medical and dental practice activities,,,Q | 86 | 86.2,HUMAN HEALTH AND SOCIAL WORK ACTIVITIES | Human health activities | Medical and dental practice activities,914
4,class,86.21,General medical practice activities,class:86.21,group:86.2,Q,HUMAN HEALTH AND SOCIAL WORK ACTIVITIES,86,Human health activities,86.2,Medical and dental practice activities,86.21,General medical practice activities,Q | 86 | 86.2 | 86.21,HUMAN HEALTH AND SOCIAL WORK ACTIVITIES | Human health activities | Medical and dental practice activities | General medical practice activities,915
4,class,86.22,Specialist medical practice activities,class:86.22,group:86.2,Q,HUMAN HEALTH AND SOCIAL WORK ACTIVITIES,86,Human health activities,86.2,Medical and dental practice activities,86.22,Specialist medical practice activities,Q | 86 | 86.2 | 86.22,HUMAN HEALTH AND SOCIAL WORK ACTIVITIES | Human health activities | Medical and dental practice activities | Specialist medical practice activities,916
4,class,86.23,Dental practice activities,class:86.23,group:86.2,Q,HUMAN HEALTH AND SOCIAL WORK ACTIVITIES,86,Human health activities,86.2,Medical and dental practice activities,86.23,Dental practice activities,Q | 86 | 86.2 | 86.23,HUMAN HEALTH AND SOCIAL WORK ACTIVITIES | Human health activities | Medical and dental practice activities | Dental practice activities,917
3,group,86.9,Other human health activities,group:86.9,division:86,Q,HUMAN HEALTH AND SOCIAL WORK ACTIVITIES,86,Human health activities,86.9,Other human health activities,,,Q | 86 | 86.9,HUMAN HEALTH AND SOCIAL WORK ACTIVITIES | Human health activities | Other human health activities,918
4,class,86.90,Other human health activities,class:86.90,group:86.9,Q,HUMAN HEALTH AND SOCIAL WORK ACTIVITIES,86,Human health activities,86.9,Other human health activities,86.90,Other human health activities,Q | 86 | 86.9 | 86.90,HUMAN HEALTH AND SOCIAL WORK ACTIVITIES | Human health activities | Other human health activities | Other human health activities,919
2,division,87,Residential care activities,division:87,section:Q,Q,HUMAN HEALTH AND SOCIAL WORK ACTIVITIES,87,Residential care activities,,,,,Q | 87,HUMAN HEALTH AND SOCIAL WORK ACTIVITIES | Residential care activities,920
3,group,87.1,Residential nursing care activities,group:87.1,division:87,Q,HUMAN HEALTH AND SOCIAL WORK ACTIVITIES,87,Residential care activities,87.1,Residential nursing care activities,,,Q | 87 | 87.1,HUMAN HEALTH AND SOCIAL WORK ACTIVITIES | Residential care activities | Residential nursing care activities,921
4,class,87.10,Residential nursing care activities,class:87.10,group:87.1,Q,HUMAN HEALTH AND SOCIAL WORK ACTIVITIES,87,Residential care activities,87.1,Residential nursing care activities,87.10,Residential nursing care activities,Q | 87 | 87.1 | 87.10,HUMAN HEALTH AND SOCIAL WORK ACTIVITIES | Residential care activities | Residential nursing care activities | Residential nursing care activities,922
3,group,87.2,"Residential care activities for mental retardation, mental health and substance abuse",group:87.2,division:87,Q,HUMAN HEALTH AND SOCIAL WORK ACTIVITIES,87,Residential care activities,87.2,"Residential care activities for mental retardation, mental health and substance abuse",,,Q | 87 | 87.2,"HUMAN HEALTH AND SOCIAL WORK ACTIVITIES | Residential care activities | Residential care activities for mental retardation, mental health and substance abuse",923
4,class,87.20,"Residential care activities for mental retardation, mental health and substance abuse",class:87.20,group:87.2,Q,HUMAN HEALTH AND SOCIAL WORK ACTIVITIES,87,Residential care activities,87.2,"Residential care activities for mental retardation, mental health and substance abuse",87.20,"Residential care activities for mental retardation, mental health and substance abuse",Q | 87 | 87.2 | 87.20,"HUMAN HEALTH AND SOCIAL WORK ACTIVITIES | Residential care activities | Residential care activities for mental retardation, mental health and substance abuse | Residential care activities for mental retardation, mental health and substance abuse",924
3,group,87.3,Residential care activities for the elderly and disabled,group:87.3,division:87,Q,HUMAN HEALTH AND SOCIAL WORK ACTIVITIES,87,Residential care activities,87.3,Residential care activities for the elderly and disabled,,,Q | 87 | 87.3,HUMAN HEALTH AND SOCIAL WORK ACTIVITIES | Residential care activities | Residential care activities for the elderly and disabled,925
4,class,87.30,Residential care activities for the elderly and disabled,class:87.30,group:87.3,Q,HUMAN HEALTH AND SOCIAL WORK ACTIVITIES,87,Residential care activities,87.3,Residential care activities for the elderly and disabled,87.30,Residential care activities for the elderly and disabled,Q | 87 | 87.3 | 87.30,HUMAN HEALTH AND SOCIAL WORK ACTIVITIES | Residential care activities | Residential care activities for the elderly and disabled | Residential care activities for the elderly and disabled,926
3,group,87.9,Other residential care activities,group:87.9,division:87,Q,HUMAN HEALTH AND SOCIAL WORK ACTIVITIES,87,Residential care activities,87.9,Other residential care activities,,,Q | 87 | 87.9,HUMAN HEALTH AND SOCIAL WORK ACTIVITIES | Residential care activities | Other residential care activities,927
4,class,87.90,Other residential care activities,class:87.90,group:87.9,Q,HUMAN HEALTH AND SOCIAL WORK ACTIVITIES,87,Residential care activities,87.9,Other residential care activities,87.90,Other residential care activities,Q | 87 | 87.9 | 87.90,HUMAN HEALTH AND SOCIAL WORK ACTIVITIES | Residential care activities | Other residential care activities | Other residential care activities,928
2,division,88,Social work activities without accommodation,division:88,section:Q,Q,HUMAN HEALTH AND SOCIAL WORK ACTIVITIES,88,Social work activities without accommodation,,,,,Q | 88,HUMAN HEALTH AND SOCIAL WORK ACTIVITIES | Social work activities without accommodation,929
3,group,88.1,Social work activities without accommodation for the elderly and disabled,group:88.1,division:88,Q,HUMAN HEALTH AND SOCIAL WORK ACTIVITIES,88,Social work activities without accommodation,88.1,Social work activities without accommodation for the elderly and disabled,,,Q | 88 | 88.1,HUMAN HEALTH AND SOCIAL WORK ACTIVITIES | Social work activities without accommodation | Social work activities without accommodation for the elderly and disabled,930
4,class,88.10,Social work activities without accommodation for the elderly and disabled,class:88.10,group:88.1,Q,HUMAN HEALTH AND SOCIAL WORK ACTIVITIES,88,Social work activities without accommodation,88.1,Social work activities without accommodation for the elderly and disabled,88.10,Social work activities without accommodation for the elderly and disabled,Q | 88 | 88.1 | 88.10,HUMAN HEALTH AND SOCIAL WORK ACTIVITIES | Social work activities without accommodation | Social work activities without accommodation for the elderly and disabled | Social work activities without accommodation for the elderly and disabled,931
3,group,88.9,Other social work activities without accommodation,group:88.9,division:88,Q,HUMAN HEALTH AND SOCIAL WORK ACTIVITIES,88,Social work activities without accommodation,88.9,Other social work activities without accommodation,,,Q | 88 | 88.9,HUMAN HEALTH AND SOCIAL WORK ACTIVITIES | Social work activities without accommodation | Other social work activities without accommodation,932
4,class,88.91,Child day-care activities,class:88.91,group:88.9,Q,HUMAN HEALTH AND SOCIAL WORK ACTIVITIES,88,Social work activities without accommodation,88.9,Other social work activities without accommodation,88.91,Child day-care activities,Q | 88 | 88.9 | 88.91,HUMAN HEALTH AND SOCIAL WORK ACTIVITIES | Social work activities without accommodation | Other social work activities without accommodation | Child day-care activities,933
4,class,88.99,Other social work activities without accommodation n.e.c.,class:88.99,group:88.9,Q,HUMAN HEALTH AND SOCIAL WORK ACTIVITIES,88,Social work activities without accommodation,88.9,Other social work activities without accommodation,88.99,Other social work activities without accommodation n.e.c.,Q | 88 | 88.9 | 88.99,HUMAN HEALTH AND SOCIAL WORK ACTIVITIES | Social work activities without accommodation | Other social work activities without accommodation | Other social work activities without accommodation n.e.c.,934
1,section,R,"ARTS, ENTERTAINMENT AND RECREATION",section:R,,R,"ARTS, ENTERTAINMENT AND RECREATION",,,,,,,R,"ARTS, ENTERTAINMENT AND RECREATION",935
2,division,90,"Creative, arts and entertainment activities",division:90,section:R,R,"ARTS, ENTERTAINMENT AND RECREATION",90,"Creative, arts and entertainment activities",,,,,R | 90,"ARTS, ENTERTAINMENT AND RECREATION | Creative, arts and entertainment activities",936
3,group,90.0,"Creative, arts and entertainment activities",group:90.0,division:90,R,"ARTS, ENTERTAINMENT AND RECREATION",90,"Creative, arts and entertainment activities",90.0,"Creative, arts and entertainment activities",,,R | 90 | 90.0,"ARTS, ENTERTAINMENT AND RECREATION | Creative, arts and entertainment activities | Creative, arts and entertainment activities",937
4,class,90.01,Performing arts,class:90.01,group:90.0,R,"ARTS, ENTERTAINMENT AND RECREATION",90,"Creative, arts and entertainment activities",90.0,"Creative, arts and entertainment activities",90.01,Performing arts,R | 90 | 90.0 | 90.01,"ARTS, ENTERTAINMENT AND RECREATION | Creative, arts and entertainment activities | Creative, arts and entertainment activities | Performing arts",938
4,class,90.02,Support activities to performing arts,class:90.02,group:90.0,R,"ARTS, ENTERTAINMENT AND RECREATION",90,"Creative, arts and entertainment activities",90.0,"Creative, arts and entertainment activities",90.02,Support activities to performing arts,R | 90 | 90.0 | 90.02,"ARTS, ENTERTAINMENT AND RECREATION | Creative, arts and entertainment activities | Creative, arts and entertainment activities | Support activities to performing arts",939
4,class,90.03,Artistic creation,class:90.03,group:90.0,R,"ARTS, ENTERTAINMENT AND RECREATION",90,"Creative, arts and entertainment activities",90.0,"Creative, arts and entertainment activities",90.03,Artistic creation,R | 90 | 90.0 | 90.03,"ARTS, ENTERTAINMENT AND RECREATION | Creative, arts and entertainment activities | Creative, arts and entertainment activities | Artistic creation",940
4,class,90.04,Operation of arts facilities,class:90.04,group:90.0,R,"ARTS, ENTERTAINMENT AND RECREATION",90,"Creative, arts and entertainment activities",90.0,"Creative, arts and entertainment activities",90.04,Operation of arts facilities,R | 90 | 90.0 | 90.04,"ARTS, ENTERTAINMENT AND RECREATION | Creative, arts and entertainment activities | Creative, arts and entertainment activities | Operation of arts facilities",941
2,division,91,"Libraries, archives, museums and other cultural activities",division:91,section:R,R,"ARTS, ENTERTAINMENT AND RECREATION",91,"Libraries, archives, museums and other cultural activities",,,,,R | 91,"ARTS, ENTERTAINMENT AND RECREATION | Libraries, archives, museums and other cultural activities",942
3,group,91.0,"Libraries, archives, museums and other cultural activities",group:91.0,division:91,R,"ARTS, ENTERTAINMENT AND RECREATION",91,"Libraries, archives, museums and other cultural activities",91.0,"Libraries, archives, museums and other cultural activities",,,R | 91 | 91.0,"ARTS, ENTERTAINMENT AND RECREATION | Libraries, archives, museums and other cultural activities | Libraries, archives, museums and other cultural activities",943
4,class,91.01,Library and archives activities,class:91.01,group:91.0,R,"ARTS, ENTERTAINMENT AND RECREATION",91,"Libraries, archives, museums and other cultural activities",91.0,"Libraries, archives, museums and other cultural activities",91.01,Library and archives activities,R | 91 | 91.0 | 91.01,"ARTS, ENTERTAINMENT AND RECREATION | Libraries, archives, museums and other cultural activities | Libraries, archives, museums and other cultural activities | Library and archives activities",944
4,class,91.02,Museums activities,class:91.02,group:91.0,R,"ARTS, ENTERTAINMENT AND RECREATION",91,"Libraries, archives, museums and other cultural activities",91.0,"Libraries, archives, museums and other cultural activities",91.02,Museums activities,R | 91 | 91.0 | 91.02,"ARTS, ENTERTAINMENT AND RECREATION | Libraries, archives, museums and other cultural activities | Libraries, archives, museums and other cultural activities | Museums activities",945
4,class,91.03,Operation of historical sites and buildings and similar visitor attractions,class:91.03,group:91.0,R,"ARTS, ENTERTAINMENT AND RECREATION",91,"Libraries, archives, museums and other cultural activities",91.0,"Libraries, archives, museums and other cultural activities",91.03,Operation of historical sites and buildings and similar visitor attractions,R | 91 | 91.0 | 91.03,"ARTS, ENTERTAINMENT AND RECREATION | Libraries, archives, museums and other cultural activities | Libraries, archives, museums and other cultural activities | Operation of historical sites and buildings and similar visitor attractions",946
4,class,91.04,Botanical and zoological gardens and nature reserves activities,class:91.04,group:91.0,R,"ARTS, ENTERTAINMENT AND RECREATION",91,"Libraries, archives, museums and other cultural activities",91.0,"Libraries, archives, museums and other cultural activities",91.04,Botanical and zoological gardens and nature reserves activities,R | 91 | 91.0 | 91.04,"ARTS, ENTERTAINMENT AND RECREATION | Libraries, archives, museums and other cultural activities | Libraries, archives, museums and other cultural activities | Botanical and zoological gardens and nature reserves activities",947
2,division,92,Gambling and betting activities,division:92,section:R,R,"ARTS, ENTERTAINMENT AND RECREATION",92,Gambling and betting activities,,,,,R | 92,"ARTS, ENTERTAINMENT AND RECREATION | Gambling and betting activities",948
3,group,92.0,Gambling and betting activities,group:92.0,division:92,R,"ARTS, ENTERTAINMENT AND RECREATION",92,Gambling and betting activities,92.0,Gambling and betting activities,,,R | 92 | 92.0,"ARTS, ENTERTAINMENT AND RECREATION | Gambling and betting activities | Gambling and betting activities",949
4,class,92.00,Gambling and betting activities,class:92.00,group:92.0,R,"ARTS, ENTERTAINMENT AND RECREATION",92,Gambling and betting activities,92.0,Gambling and betting activities,92.00,Gambling and betting activities,R | 92 | 92.0 | 92.00,"ARTS, ENTERTAINMENT AND RECREATION | Gambling and betting activities | Gambling and betting activities | Gambling and betting activities",950
2,division,93,Sports activities and amusement and recreation activities,division:93,section:R,R,"ARTS, ENTERTAINMENT AND RECREATION",93,Sports activities and amusement and recreation activities,,,,,R | 93,"ARTS, ENTERTAINMENT AND RECREATION | Sports activities and amusement and recreation activities",951
3,group,93.1,Sports activities,group:93.1,division:93,R,"ARTS, ENTERTAINMENT AND RECREATION",93,Sports activities and amusement and recreation activities,93.1,Sports activities,,,R | 93 | 93.1,"ARTS, ENTERTAINMENT AND RECREATION | Sports activities and amusement and recreation activities | Sports activities",952
4,class,93.11,Operation of sports facilities,class:93.11,group:93.1,R,"ARTS, ENTERTAINMENT AND RECREATION",93,Sports activities and amusement and recreation activities,93.1,Sports activities,93.11,Operation of sports facilities,R | 93 | 93.1 | 93.11,"ARTS, ENTERTAINMENT AND RECREATION | Sports activities and amusement and recreation activities | Sports activities | Operation of sports facilities",953
4,class,93.12,Activities of sports clubs,class:93.12,group:93.1,R,"ARTS, ENTERTAINMENT AND RECREATION",93,Sports activities and amusement and recreation activities,93.1,Sports activities,93.12,Activities of sports clubs,R | 93 | 93.1 | 93.12,"ARTS, ENTERTAINMENT AND RECREATION | Sports activities and amusement and recreation activities | Sports activities | Activities of sports clubs",954
4,class,93.13,Fitness facilities,class:93.13,group:93.1,R,"ARTS, ENTERTAINMENT AND RECREATION",93,Sports activities and amusement and recreation activities,93.1,Sports activities,93.13,Fitness facilities,R | 93 | 93.1 | 93.13,"ARTS, ENTERTAINMENT AND RECREATION | Sports activities and amusement and recreation activities | Sports activities | Fitness facilities",955
4,class,93.19,Other sports activities,class:93.19,group:93.1,R,"ARTS, ENTERTAINMENT AND RECREATION",93,Sports activities and amusement and recreation activities,93.1,Sports activities,93.19,Other sports activities,R | 93 | 93.1 | 93.19,"ARTS, ENTERTAINMENT AND RECREATION | Sports activities and amusement and recreation activities | Sports activities | Other sports activities",956
3,group,93.2,Amusement and recreation activities,group:93.2,division:93,R,"ARTS, ENTERTAINMENT AND RECREATION",93,Sports activities and amusement and recreation activities,93.2,Amusement and recreation activities,,,R | 93 | 93.2,"ARTS, ENTERTAINMENT AND RECREATION | Sports activities and amusement and recreation activities | Amusement and recreation activities",957
4,class,93.21,Activities of amusement parks and theme parks,class:93.21,group:93.2,R,"ARTS, ENTERTAINMENT AND RECREATION",93,Sports activities and amusement and recreation activities,93.2,Amusement and recreation activities,93.21,Activities of amusement parks and theme parks,R | 93 | 93.2 | 93.21,"ARTS, ENTERTAINMENT AND RECREATION | Sports activities and amusement and recreation activities | Amusement and recreation activities | Activities of amusement parks and theme parks",958
4,class,93.29,Other amusement and recreation activities,class:93.29,group:93.2,R,"ARTS, ENTERTAINMENT AND RECREATION",93,Sports activities and amusement and recreation activities,93.2,Amusement and recreation activities,93.29,Other amusement and recreation activities,R | 93 | 93.2 | 93.29,"ARTS, ENTERTAINMENT AND RECREATION | Sports activities and amusement and recreation activities | Amusement and recreation activities | Other amusement and recreation activities",959
1,section,S,OTHER SERVICE ACTIVITIES,section:S,,S,OTHER SERVICE ACTIVITIES,,,,,,,S,OTHER SERVICE ACTIVITIES,960
2,division,94,Activities of membership organisations,division:94,section:S,S,OTHER SERVICE ACTIVITIES,94,Activities of membership organisations,,,,,S | 94,OTHER SERVICE ACTIVITIES | Activities of membership organisations,961
3,group,94.1,"Activities of business, employers and professional membership organisations",group:94.1,division:94,S,OTHER SERVICE ACTIVITIES,94,Activities of membership organisations,94.1,"Activities of business, employers and professional membership organisations",,,S | 94 | 94.1,"OTHER SERVICE ACTIVITIES | Activities of membership organisations | Activities of business, employers and professional membership organisations",962
4,class,94.11,Activities of business and employers membership organisations,class:94.11,group:94.1,S,OTHER SERVICE ACTIVITIES,94,Activities of membership organisations,94.1,"Activities of business, employers and professional membership organisations",94.11,Activities of business and employers membership organisations,S | 94 | 94.1 | 94.11,"OTHER SERVICE ACTIVITIES | Activities of membership organisations | Activities of business, employers and professional membership organisations | Activities of business and employers membership organisations",963
4,class,94.12,Activities of professional membership organisations,class:94.12,group:94.1,S,OTHER SERVICE ACTIVITIES,94,Activities of membership organisations,94.1,"Activities of business, employers and professional membership organisations",94.12,Activities of professional membership organisations,S | 94 | 94.1 | 94.12,"OTHER SERVICE ACTIVITIES | Activities of membership organisations | Activities of business, employers and professional membership organisations | Activities of professional membership organisations",964
3,group,94.2,Activities of trade unions,group:94.2,division:94,S,OTHER SERVICE ACTIVITIES,94,Activities of membership organisations,94.2,Activities of trade unions,,,S | 94 | 94.2,OTHER SERVICE ACTIVITIES | Activities of membership organisations | Activities of trade unions,965
4,class,94.20,Activities of trade unions,class:94.20,group:94.2,S,OTHER SERVICE ACTIVITIES,94,Activities of membership organisations,94.2,Activities of trade unions,94.20,Activities of trade unions,S | 94 | 94.2 | 94.20,OTHER SERVICE ACTIVITIES | Activities of membership organisations | Activities of trade unions | Activities of trade unions,966
3,group,94.9,Activities of other membership organisations,group:94.9,division:94,S,OTHER SERVICE ACTIVITIES,94,Activities of membership organisations,94.9,Activities of other membership organisations,,,S | 94 | 94.9,OTHER SERVICE ACTIVITIES | Activities of membership organisations | Activities of other membership organisations,967
4,class,94.91,Activities of religious organisations,class:94.91,group:94.9,S,OTHER SERVICE ACTIVITIES,94,Activities of membership organisations,94.9,Activities of other membership organisations,94.91,Activities of religious organisations,S | 94 | 94.9 | 94.91,OTHER SERVICE ACTIVITIES | Activities of membership organisations | Activities of other membership organisations | Activities of religious organisations,968
4,class,94.92,Activities of political organisations,class:94.92,group:94.9,S,OTHER SERVICE ACTIVITIES,94,Activities of membership organisations,94.9,Activities of other membership organisations,94.92,Activities of political organisations,S | 94 | 94.9 | 94.92,OTHER SERVICE ACTIVITIES | Activities of membership organisations | Activities of other membership organisations | Activities of political organisations,969
4,class,94.99,Activities of other membership organisations n.e.c.,class:94.99,group:94.9,S,OTHER SERVICE ACTIVITIES,94,Activities of membership organisations,94.9,Activities of other membership organisations,94.99,Activities of other membership organisations n.e.c.,S | 94 | 94.9 | 94.99,OTHER SERVICE ACTIVITIES | Activities of membership organisations | Activities of other membership organisations | Activities of other membership organisations n.e.c.,970
2,division,95,Repair of computers and personal and household goods,division:95,section:S,S,OTHER SERVICE ACTIVITIES,95,Repair of computers and personal and household goods,,,,,S | 95,OTHER SERVICE ACTIVITIES | Repair of computers and personal and household goods,971
3,group,95.1,Repair of computers and communication equipment,group:95.1,division:95,S,OTHER SERVICE ACTIVITIES,95,Repair of computers and personal and household goods,95.1,Repair of computers and communication equipment,,,S | 95 | 95.1,OTHER SERVICE ACTIVITIES | Repair of computers and personal and household goods | Repair of computers and communication equipment,972
4,class,95.11,Repair of computers and peripheral equipment,class:95.11,group:95.1,S,OTHER SERVICE ACTIVITIES,95,Repair of computers and personal and household goods,95.1,Repair of computers and communication equipment,95.11,Repair of computers and peripheral equipment,S | 95 | 95.1 | 95.11,OTHER SERVICE ACTIVITIES | Repair of computers and personal and household goods | Repair of computers and communication equipment | Repair of computers and peripheral equipment,973
4,class,95.12,Repair of communication equipment,class:95.12,group:95.1,S,OTHER SERVICE ACTIVITIES,95,Repair of computers and personal and household goods,95.1,Repair of computers and communication equipment,95.12,Repair of communication equipment,S | 95 | 95.1 | 95.12,OTHER SERVICE ACTIVITIES | Repair of computers and personal and household goods | Repair of computers and communication equipment | Repair of communication equipment,974
3,group,95.2,Repair of personal and household goods,group:95.2,division:95,S,OTHER SERVICE ACTIVITIES,95,Repair of computers and personal and household goods,95.2,Repair of personal and household goods,,,S | 95 | 95.2,OTHER SERVICE ACTIVITIES | Repair of computers and personal and household goods | Repair of personal and household goods,975
4,class,95.21,Repair of consumer electronics,class:95.21,group:95.2,S,OTHER SERVICE ACTIVITIES,95,Repair of computers and personal and household goods,95.2,Repair of personal and household goods,95.21,Repair of consumer electronics,S | 95 | 95.2 | 95.21,OTHER SERVICE ACTIVITIES | Repair of computers and personal and household goods | Repair of personal and household goods | Repair of consumer electronics,976
4,class,95.22,Repair of household appliances and home and garden equipment,class:95.22,group:95.2,S,OTHER SERVICE ACTIVITIES,95,Repair of computers and personal and household goods,95.2,Repair of personal and household goods,95.22,Repair of household appliances and home and garden equipment,S | 95 | 95.2 | 95.22,OTHER SERVICE ACTIVITIES | Repair of computers and personal and household goods | Repair of personal and household goods | Repair of household appliances and home and garden equipment,977
4,class,95.23,Repair of footwear and leather goods,class:95.23,group:95.2,S,OTHER SERVICE ACTIVITIES,95,Repair of computers and personal and household goods,95.2,Repair of personal and household goods,95.23,Repair of footwear and leather goods,S | 95 | 95.2 | 95.23,OTHER SERVICE ACTIVITIES | Repair of computers and personal and household goods | Repair of personal and household goods | Repair of footwear and leather goods,978
4,class,95.24,Repair of furniture and home furnishings,class:95.24,group:95.2,S,OTHER SERVICE ACTIVITIES,95,Repair of computers and personal and household goods,95.2,Repair of personal and household goods,95.24,Repair of furniture and home furnishings,S | 95 | 95.2 | 95.24,OTHER SERVICE ACTIVITIES | Repair of computers and personal and household goods | Repair of personal and household goods | Repair of furniture and home furnishings,979
4,class,95.25,"Repair of watches, clocks and jewellery",class:95.25,group:95.2,S,OTHER SERVICE ACTIVITIES,95,Repair of computers and personal and household goods,95.2,Repair of personal and household goods,95.25,"Repair of watches, clocks and jewellery",S | 95 | 95.2 | 95.25,"OTHER SERVICE ACTIVITIES | Repair of computers and personal and household goods | Repair of personal and household goods | Repair of watches, clocks and jewellery",980
4,class,95.29,Repair of other personal and household goods,class:95.29,group:95.2,S,OTHER SERVICE ACTIVITIES,95,Repair of computers and personal and household goods,95.2,Repair of personal and household goods,95.29,Repair of other personal and household goods,S | 95 | 95.2 | 95.29,OTHER SERVICE ACTIVITIES | Repair of computers and personal and household goods | Repair of personal and household goods | Repair of other personal and household goods,981
2,division,96,Other personal service activities,division:96,section:S,S,OTHER SERVICE ACTIVITIES,96,Other personal service activities,,,,,S | 96,OTHER SERVICE ACTIVITIES | Other personal service activities,982
3,group,96.0,Other personal service activities,group:96.0,division:96,S,OTHER SERVICE ACTIVITIES,96,Other personal service activities,96.0,Other personal service activities,,,S | 96 | 96.0,OTHER SERVICE ACTIVITIES | Other personal service activities | Other personal service activities,983
4,class,96.01,Washing and (dry-)cleaning of textile and fur products,class:96.01,group:96.0,S,OTHER SERVICE ACTIVITIES,96,Other personal service activities,96.0,Other personal service activities,96.01,Washing and (dry-)cleaning of textile and fur products,S | 96 | 96.0 | 96.01,OTHER SERVICE ACTIVITIES | Other personal service activities | Other personal service activities | Washing and (dry-)cleaning of textile and fur products,984
4,class,96.02,Hairdressing and other beauty treatment,class:96.02,group:96.0,S,OTHER SERVICE ACTIVITIES,96,Other personal service activities,96.0,Other personal service activities,96.02,Hairdressing and other beauty treatment,S | 96 | 96.0 | 96.02,OTHER SERVICE ACTIVITIES | Other personal service activities | Other personal service activities | Hairdressing and other beauty treatment,985
4,class,96.03,Funeral and related activities,class:96.03,group:96.0,S,OTHER SERVICE ACTIVITIES,96,Other personal service activities,96.0,Other personal service activities,96.03,Funeral and related activities,S | 96 | 96.0 | 96.03,OTHER SERVICE ACTIVITIES | Other personal service activities | Other personal service activities | Funeral and related activities,986
4,class,96.04,Physical well-being activities,class:96.04,group:96.0,S,OTHER SERVICE ACTIVITIES,96,Other personal service activities,96.0,Other personal service activities,96.04,Physical well-being activities,S | 96 | 96.0 | 96.04,OTHER SERVICE ACTIVITIES | Other personal service activities | Other personal service activities | Physical well-being activities,987
4,class,96.09,Other personal service activities n.e.c.,class:96.09,group:96.0,S,OTHER SERVICE ACTIVITIES,96,Other personal service activities,96.0,Other personal service activities,96.09,Other personal service activities n.e.c.,S | 96 | 96.0 | 96.09,OTHER SERVICE ACTIVITIES | Other personal service activities | Other personal service activities | Other personal service activities n.e.c.,988
1,section,T,ACTIVITIES OF HOUSEHOLDS AS EMPLOYERS; UNDIFFERENTIATED GOODS- AND SERVICES-PRODUCING ACTIVITIES OF HOUSEHOLDS FOR OWN USE,section:T,,T,ACTIVITIES OF HOUSEHOLDS AS EMPLOYERS; UNDIFFERENTIATED GOODS- AND SERVICES-PRODUCING ACTIVITIES OF HOUSEHOLDS FOR OWN USE,,,,,,,T,ACTIVITIES OF HOUSEHOLDS AS EMPLOYERS; UNDIFFERENTIATED GOODS- AND SERVICES-PRODUCING ACTIVITIES OF HOUSEHOLDS FOR OWN USE,989
2,division,97,Activities of households as employers of domestic personnel,division:97,section:T,T,ACTIVITIES OF HOUSEHOLDS AS EMPLOYERS; UNDIFFERENTIATED GOODS- AND SERVICES-PRODUCING ACTIVITIES OF HOUSEHOLDS FOR OWN USE,97,Activities of households as employers of domestic personnel,,,,,T | 97,ACTIVITIES OF HOUSEHOLDS AS EMPLOYERS; UNDIFFERENTIATED GOODS- AND SERVICES-PRODUCING ACTIVITIES OF HOUSEHOLDS FOR OWN USE | Activities of households as employers of domestic personnel,990
3,group,97.0,Activities of households as employers of domestic personnel,group:97.0,division:97,T,ACTIVITIES OF HOUSEHOLDS AS EMPLOYERS; UNDIFFERENTIATED GOODS- AND SERVICES-PRODUCING ACTIVITIES OF HOUSEHOLDS FOR OWN USE,97,Activities of households as employers of domestic personnel,97.0,Activities of households as employers of domestic personnel,,,T | 97 | 97.0,ACTIVITIES OF HOUSEHOLDS AS EMPLOYERS; UNDIFFERENTIATED GOODS- AND SERVICES-PRODUCING ACTIVITIES OF HOUSEHOLDS FOR OWN USE | Activities of households as employers of domestic personnel | Activities of households as employers of domestic personnel,991
4,class,97.00,Activities of households as employers of domestic personnel,class:97.00,group:97.0,T,ACTIVITIES OF HOUSEHOLDS AS EMPLOYERS; UNDIFFERENTIATED GOODS- AND SERVICES-PRODUCING ACTIVITIES OF HOUSEHOLDS FOR OWN USE,97,Activities of households as employers of domestic personnel,97.0,Activities of households as employers of domestic personnel,97.00,Activities of households as employers of domestic personnel,T | 97 | 97.0 | 97.00,ACTIVITIES OF HOUSEHOLDS AS EMPLOYERS; UNDIFFERENTIATED GOODS- AND SERVICES-PRODUCING ACTIVITIES OF HOUSEHOLDS FOR OWN USE | Activities of households as employers of domestic personnel | Activities of households as employers of domestic personnel | Activities of households as employers of domestic personnel,992
2,division,98,Undifferentiated goods- and services-producing activities of private households for own use,division:98,section:T,T,ACTIVITIES OF HOUSEHOLDS AS EMPLOYERS; UNDIFFERENTIATED GOODS- AND SERVICES-PRODUCING ACTIVITIES OF HOUSEHOLDS FOR OWN USE,98,Undifferentiated goods- and services-producing activities of private households for own use,,,,,T | 98,ACTIVITIES OF HOUSEHOLDS AS EMPLOYERS; UNDIFFERENTIATED GOODS- AND SERVICES-PRODUCING ACTIVITIES OF HOUSEHOLDS FOR OWN USE | Undifferentiated goods- and services-producing activities of private households for own use,993
3,group,98.1,Undifferentiated goods-producing activities of private households for own use,group:98.1,division:98,T,ACTIVITIES OF HOUSEHOLDS AS EMPLOYERS; UNDIFFERENTIATED GOODS- AND SERVICES-PRODUCING ACTIVITIES OF HOUSEHOLDS FOR OWN USE,98,Undifferentiated goods- and services-producing activities of private households for own use,98.1,Undifferentiated goods-producing activities of private households for own use,,,T | 98 | 98.1,ACTIVITIES OF HOUSEHOLDS AS EMPLOYERS; UNDIFFERENTIATED GOODS- AND SERVICES-PRODUCING ACTIVITIES OF HOUSEHOLDS FOR OWN USE | Undifferentiated goods- and services-producing activities of private households for own use | Undifferentiated goods-producing activities of private households for own use,994
4,class,98.10,Undifferentiated goods-producing activities of private households for own use,class:98.10,group:98.1,T,ACTIVITIES OF HOUSEHOLDS AS EMPLOYERS; UNDIFFERENTIATED GOODS- AND SERVICES-PRODUCING ACTIVITIES OF HOUSEHOLDS FOR OWN USE,98,Undifferentiated goods- and services-producing activities of private households for own use,98.1,Undifferentiated goods-producing activities of private households for own use,98.10,Undifferentiated goods-producing activities of private households for own use,T | 98 | 98.1 | 98.10,ACTIVITIES OF HOUSEHOLDS AS EMPLOYERS; UNDIFFERENTIATED GOODS- AND SERVICES-PRODUCING ACTIVITIES OF HOUSEHOLDS FOR OWN USE | Undifferentiated goods- and services-producing activities of private households for own use | Undifferentiated goods-producing activities of private households for own use | Undifferentiated goods-producing activities of private households for own use,995
3,group,98.2,Undifferentiated service-producing activities of private households for own use,group:98.2,division:98,T,ACTIVITIES OF HOUSEHOLDS AS EMPLOYERS; UNDIFFERENTIATED GOODS- AND SERVICES-PRODUCING ACTIVITIES OF HOUSEHOLDS FOR OWN USE,98,Undifferentiated goods- and services-producing activities of private households for own use,98.2,Undifferentiated service-producing activities of private households for own use,,,T | 98 | 98.2,ACTIVITIES OF HOUSEHOLDS AS EMPLOYERS; UNDIFFERENTIATED GOODS- AND SERVICES-PRODUCING ACTIVITIES OF HOUSEHOLDS FOR OWN USE | Undifferentiated goods- and services-producing activities of private households for own use | Undifferentiated service-producing activities of private households for own use,996
4,class,98.20,Undifferentiated service-producing activities of private households for own use,class:98.20,group:98.2,T,ACTIVITIES OF HOUSEHOLDS AS EMPLOYERS; UNDIFFERENTIATED GOODS- AND SERVICES-PRODUCING ACTIVITIES OF HOUSEHOLDS FOR OWN USE,98,Undifferentiated goods- and services-producing activities of private households for own use,98.2,Undifferentiated service-producing activities of private households for own use,98.20,Undifferentiated service-producing activities of private households for own use,T | 98 | 98.2 | 98.20,ACTIVITIES OF HOUSEHOLDS AS EMPLOYERS; UNDIFFERENTIATED GOODS- AND SERVICES-PRODUCING ACTIVITIES OF HOUSEHOLDS FOR OWN USE | Undifferentiated goods- and services-producing activities of private households for own use | Undifferentiated service-producing activities of private households for own use | Undifferentiated service-producing activities of private households for own use,997
1,section,U,ACTIVITIES OF EXTRATERRITORIAL ORGANISATIONS AND BODIES,section:U,,U,ACTIVITIES OF EXTRATERRITORIAL ORGANISATIONS AND BODIES,,,,,,,U,ACTIVITIES OF EXTRATERRITORIAL ORGANISATIONS AND BODIES,998
2,division,99,Activities of extraterritorial organisations and bodies,division:99,section:U,U,ACTIVITIES OF EXTRATERRITORIAL ORGANISATIONS AND BODIES,99,Activities of extraterritorial organisations and bodies,,,,,U | 99,ACTIVITIES OF EXTRATERRITORIAL ORGANISATIONS AND BODIES | Activities of extraterritorial organisations and bodies,999
3,group,99.0,Activities of extraterritorial organisations and bodies,group:99.0,division:99,U,ACTIVITIES OF EXTRATERRITORIAL ORGANISATIONS AND BODIES,99,Activities of extraterritorial organisations and bodies,99.0,Activities of extraterritorial organisations and bodies,,,U | 99 | 99.0,ACTIVITIES OF EXTRATERRITORIAL ORGANISATIONS AND BODIES | Activities of extraterritorial organisations and bodies | Activities of extraterritorial organisations and bodies,1000
4,class,99.00,Activities of extraterritorial organisations and bodies,class:99.00,group:99.0,U,ACTIVITIES OF EXTRATERRITORIAL ORGANISATIONS AND BODIES,99,Activities of extraterritorial organisations and bodies,99.0,Activities of extraterritorial organisations and bodies,99.00,Activities of extraterritorial organisations and bodies,U | 99 | 99.0 | 99.00,ACTIVITIES OF EXTRATERRITORIAL ORGANISATIONS AND BODIES | Activities of extraterritorial organisations and bodies | Activities of extraterritorial organisations and bodies | Activities of extraterritorial organisations and bodies,1001